Price,From,To,is_holiday,avialine,duration,days_until_flight,part_of_day
25113,0,2,False,1,200,36,1
23599,0,2,False,1,200,43,1
23599,0,2,False,1,210,50,2
23599,0,2,False,1,205,59,1
26779,0,2,False,1,215,61,0
24657,0,2,False,1,205,66,1
21479,0,2,False,1,210,71,2
30234,0,1,True,1,115,1,3
30234,0,1,True,1,110,1,1
29429,0,1,False,1,110,2,0
29429,0,1,False,1,110,2,1
29429,0,1,False,1,110,3,0
29429,0,1,False,1,115,3,3
29429,0,1,False,1,110,4,0
24659,0,1,False,1,115,8,3
24659,0,1,False,1,110,8,0
24659,0,1,False,1,110,8,1
29429,0,1,False,1,110,24,1
29429,0,1,False,1,110,25,3
29429,0,1,False,1,110,25,0
29429,0,1,False,1,110,25,1
22109,0,1,False,1,110,27,0
29429,0,1,False,1,115,27,0
30234,0,1,False,1,115,28,2
30234,0,1,False,1,115,28,3
15107,0,1,False,1,110,29,0
17324,0,1,False,1,110,29,1
17324,0,1,False,1,115,29,3
12999,0,1,False,1,115,30,3
12999,0,1,False,1,110,30,0
15119,0,1,False,1,110,30,1
12999,0,1,False,1,110,31,0
12999,0,1,False,1,110,31,1
12999,0,1,False,1,115,31,3
13577,0,1,False,1,110,32,3
15830,0,1,False,1,110,32,1
15119,0,1,False,1,115,33,3
18299,0,1,False,1,110,33,1
18299,0,1,False,1,115,33,2
18299,0,1,False,1,110,34,0
18299,0,1,False,1,115,34,3
15830,0,1,False,1,115,35,3
18299,0,1,False,1,115,35,3
21479,0,1,False,1,110,35,1
13577,0,1,False,1,110,36,0
15830,0,1,False,1,115,36,3
13577,0,1,False,1,110,37,1
13577,0,1,False,1,115,37,3
13577,0,1,False,1,110,37,0
12999,0,1,False,1,110,38,0
12999,0,1,False,1,115,38,3
12999,0,1,False,1,110,38,1
12999,0,1,False,1,110,39,3
15119,0,1,False,1,110,39,1
18299,0,1,False,1,110,39,0
15119,0,1,False,1,115,40,3
18299,0,1,False,1,110,40,1
15119,0,1,False,1,110,41,1
15119,0,1,False,1,115,41,3
18299,0,1,False,1,110,41,0
18299,0,1,False,1,115,41,0
15830,0,1,False,1,115,42,3
15830,0,1,False,1,115,42,3
19290,0,1,False,1,110,42,1
12999,0,1,False,1,110,43,0
15119,0,1,False,1,115,43,3
10879,0,1,False,1,115,44,3
10879,0,1,False,1,110,44,1
12999,0,1,False,1,110,44,0
10879,0,1,False,1,110,45,1
10879,0,1,False,1,115,45,3
13577,0,1,False,1,110,46,1
13577,0,1,False,1,110,46,3
19290,0,1,False,1,110,46,0
15119,0,1,False,1,115,47,3
15119,0,1,False,1,115,47,2
15119,0,1,False,1,110,47,1
15119,0,1,False,1,110,48,1
15119,0,1,False,1,115,48,0
15119,0,1,False,1,115,48,3
13577,0,1,False,1,110,50,0
13577,0,1,False,1,110,50,1
13577,0,1,False,1,115,50,3
9819,0,1,False,1,115,51,3
9819,0,1,False,1,110,51,0
10879,0,1,False,1,110,51,1
9819,0,1,False,1,115,52,3
10879,0,1,False,1,110,52,1
11885,0,1,False,1,110,53,3
12999,0,1,False,1,115,54,2
15119,0,1,False,1,110,54,1
15119,0,1,False,1,115,54,3
12999,0,1,False,1,115,55,0
12999,0,1,False,1,115,55,3
15119,0,1,False,1,110,55,1
15830,0,1,False,1,115,56,3
15830,0,1,False,1,115,56,3
12999,0,1,False,1,110,57,0
12999,0,1,False,1,115,57,3
9819,0,1,False,1,115,58,3
9819,0,1,False,1,110,58,1
9819,0,1,False,1,110,58,0
9819,0,1,False,1,115,59,3
9819,0,1,False,1,110,59,1
10879,0,1,False,1,110,59,0
9819,0,1,False,1,110,60,3
10879,0,1,False,1,110,60,1
12999,0,1,False,1,115,61,3
15119,0,1,False,1,110,61,1
15119,0,1,False,1,115,61,2
15119,0,1,False,1,115,62,3
15119,0,1,False,1,115,62,0
15119,0,1,False,1,110,62,1
12999,0,1,False,1,115,63,3
15119,0,1,False,1,115,63,3
18299,0,1,False,1,115,63,2
10879,0,1,False,1,110,64,0
10879,0,1,False,1,115,64,3
10879,0,1,False,1,110,64,1
10758,0,1,False,1,110,66,0
9819,0,1,False,1,115,66,3
9819,0,1,False,1,110,66,1
10879,0,1,False,1,110,67,3
10879,0,1,False,1,110,67,1
15119,0,1,False,1,110,67,0
12999,0,1,False,1,110,68,1
12999,0,1,False,1,115,68,3
15119,0,1,False,1,115,68,2
13577,0,1,False,1,110,69,1
13577,0,1,False,1,115,69,3
15830,0,1,False,1,115,69,0
14480,0,1,False,1,115,70,3
16219,0,1,False,1,110,70,1
16219,0,1,False,1,115,70,3
10879,0,1,False,1,110,71,0
10879,0,1,False,1,115,71,3
12999,0,1,False,1,110,71,1
9819,0,1,False,1,110,72,1
9819,0,1,False,1,110,72,0
9819,0,1,False,1,115,72,3
9819,0,1,False,1,110,73,0
9819,0,1,False,1,115,73,3
9819,0,1,False,1,110,73,1
11885,0,1,False,1,110,74,0
10758,0,1,False,1,110,74,3
10758,0,1,False,1,110,74,1
10879,0,1,False,1,115,75,3
10879,0,1,False,1,110,75,1
12999,0,1,False,1,115,75,2
24677,2,1,True,1,115,1,3
29447,2,1,True,1,110,1,2
29447,2,1,False,1,115,4,3
30234,2,1,False,1,115,5,3
30234,2,1,False,1,115,5,2
29447,2,1,False,1,115,6,3
29447,2,1,False,1,115,7,3
29447,2,1,False,1,115,7,2
30234,2,1,False,1,110,8,2
30234,2,1,False,1,110,8,2
30234,2,1,False,1,115,8,3
30234,2,1,False,1,115,9,3
30234,2,1,False,1,110,9,0
29447,2,1,False,1,115,10,3
29447,2,1,False,1,125,10,0
29447,2,1,False,1,110,10,1
22836,2,1,False,1,115,11,3
24677,2,1,True,1,110,16,0
29447,2,1,True,1,125,16,0
29447,2,1,False,1,110,21,2
29447,2,1,False,1,110,21,2
29447,2,1,True,1,115,22,3
29447,2,1,True,1,110,22,0
30217,2,1,False,1,125,23,0
30217,2,1,False,1,115,23,3
30217,2,1,False,1,115,24,3
30217,2,1,False,1,115,24,0
30217,2,1,False,1,115,25,3
30217,2,1,False,1,115,25,2
29447,2,1,False,1,115,26,3
24677,2,1,False,1,110,26,0
29447,2,1,False,1,110,26,0
30217,2,1,False,1,115,27,2
30217,2,1,False,1,115,27,3
21497,2,1,False,1,110,28,2
21497,2,1,False,1,115,28,3
21497,2,1,False,1,110,28,2
21497,2,1,False,1,115,29,3
21497,2,1,False,1,110,29,0
21497,2,1,False,1,110,30,1
21497,2,1,False,1,115,30,3
21497,2,1,False,1,125,30,0
21497,2,1,False,1,115,31,0
21497,2,1,False,1,115,31,3
21497,2,1,False,1,115,32,2
21497,2,1,False,1,115,32,3
21497,2,1,False,1,110,33,0
24677,2,1,False,1,115,33,3
24677,2,1,False,1,110,33,0
24677,2,1,False,1,115,34,3
24677,2,1,False,1,115,34,2
21497,2,1,False,1,115,35,3
21497,2,1,False,1,110,35,2
21497,2,1,False,1,110,35,2
21497,2,1,False,1,115,36,3
21497,2,1,False,1,110,36,0
18317,2,1,False,1,110,37,1
18317,2,1,False,1,115,37,3
21497,2,1,False,1,125,37,0
18317,2,1,False,1,115,38,0
18317,2,1,False,1,115,38,3
18317,2,1,False,1,115,39,3
18317,2,1,False,1,115,39,2
15214,2,1,False,1,110,40,0
22095,2,1,False,1,115,40,3
22095,2,1,False,1,110,40,0
21497,2,1,False,1,115,41,2
21497,2,1,False,1,115,41,3
18317,2,1,False,1,110,42,2
18317,2,1,False,1,115,42,3
18317,2,1,False,1,110,42,2
18317,2,1,False,1,115,43,3
18317,2,1,False,1,110,43,0
15137,2,1,False,1,125,44,0
15137,2,1,False,1,115,44,3
18317,2,1,False,1,110,44,1
18317,2,1,False,1,115,45,0
18317,2,1,False,1,115,45,3
18317,2,1,False,1,115,46,2
18317,2,1,False,1,115,46,3
21497,2,1,False,1,115,47,3
21497,2,1,False,1,110,47,0
22063,2,1,False,1,115,48,2
22063,2,1,False,1,115,48,3
18317,2,1,False,1,110,49,2
18317,2,1,False,1,110,49,2
18317,2,1,False,1,115,49,3
15137,2,1,False,1,115,50,3
18317,2,1,False,1,110,50,0
15802,2,1,False,1,115,51,3
15802,2,1,False,1,125,51,0
15802,2,1,False,1,110,51,1
15137,2,1,False,1,115,52,0
15137,2,1,False,1,115,52,3
15137,2,1,False,1,115,53,2
18317,2,1,False,1,115,53,3
18317,2,1,False,1,115,54,3
21497,2,1,False,1,110,54,0
18317,2,1,False,1,115,55,2
18317,2,1,False,1,115,55,3
13017,2,1,False,1,110,56,2
15137,2,1,False,1,115,56,3
15137,2,1,False,1,110,56,2
15137,2,1,False,1,110,57,0
15137,2,1,False,1,115,57,3
15791,2,1,False,1,115,58,3
15791,2,1,False,1,125,58,0
15791,2,1,False,1,110,58,1
15137,2,1,False,1,115,59,3
18317,2,1,False,1,115,59,0
15137,2,1,False,1,115,60,2
18317,2,1,False,1,115,60,3
19242,2,1,False,1,115,61,3
19242,2,1,False,1,110,61,0
18317,2,1,False,1,115,62,3
18317,2,1,False,1,115,62,2
15137,2,1,False,1,110,63,2
15137,2,1,False,1,115,63,3
15137,2,1,False,1,110,63,2
13017,2,1,False,1,110,64,0
13017,2,1,False,1,115,64,3
14268,2,1,False,1,115,65,3
14268,2,1,False,1,125,65,0
14268,2,1,False,1,110,65,1
15137,2,1,False,1,115,66,0
15137,2,1,False,1,115,66,3
15137,2,1,False,1,115,67,3
15137,2,1,False,1,115,67,2
15137,2,1,False,1,115,68,3
18317,2,1,False,1,110,68,0
19242,2,1,False,1,115,69,3
19242,2,1,False,1,115,69,2
13017,2,1,False,1,115,70,3
15137,2,1,False,1,110,70,2
15137,2,1,False,1,110,70,2
15137,2,1,False,1,110,71,0
15137,2,1,False,1,115,71,3
13017,2,1,False,1,115,72,3
13546,2,1,False,1,125,72,0
15137,2,1,False,1,110,72,1
15137,2,1,False,1,115,73,3
15137,2,1,False,1,115,73,0
15137,2,1,False,1,115,74,2
18317,2,1,False,1,115,74,3
25219,0,2,False,1,200,36,1
23599,0,2,False,1,205,66,1
26779,0,2,False,1,215,68,0
18511,1,0,False,1,105,0,2
24871,1,0,False,1,110,0,1
24871,1,0,False,1,105,0,0
24871,1,0,False,1,115,0,0
25693,1,0,False,1,105,6,0
24871,1,0,False,1,105,10,2
29641,1,0,False,1,105,11,0
24871,1,0,False,1,105,22,0
18511,1,0,False,1,100,24,2
21691,1,0,False,1,110,24,0
21691,1,0,False,1,105,25,0
29641,1,0,False,1,115,26,3
18511,1,0,False,1,110,27,2
24871,1,0,False,1,105,27,0
24871,1,0,False,1,115,27,2
29641,1,0,False,1,110,27,1
21691,1,0,False,1,100,28,2
29641,1,0,False,1,115,28,3
18511,1,0,False,1,115,29,2
18511,1,0,False,1,115,29,3
18511,1,0,False,1,105,29,0
13577,1,0,False,1,115,30,3
13577,1,0,False,1,105,30,2
15830,1,0,False,1,110,30,1
15830,1,0,False,1,105,30,0
13211,1,0,False,1,115,31,3
13211,1,0,False,1,105,31,0
13211,1,0,False,1,105,31,2
13211,1,0,False,1,115,31,3
13211,1,0,False,1,110,31,1
13577,1,0,False,1,105,32,2
15830,1,0,False,1,115,32,3
15830,1,0,False,1,115,32,3
15830,1,0,False,1,110,32,1
15331,1,0,False,1,115,33,3
18511,1,0,False,1,115,33,3
15331,1,0,False,1,105,33,2
18511,1,0,False,1,110,33,1
15331,1,0,False,1,110,34,2
15331,1,0,False,1,110,34,2
15331,1,0,False,1,115,34,2
18511,1,0,False,1,115,34,3
18511,1,0,False,1,105,34,0
15830,1,0,False,1,115,35,3
19290,1,0,False,1,125,35,3
13211,1,0,False,1,105,37,0
13211,1,0,False,1,110,37,1
13211,1,0,False,1,115,37,3
13211,1,0,False,1,105,37,2
13211,1,0,False,1,115,37,3
14480,1,0,False,1,115,39,3
14480,1,0,False,1,110,39,1
14480,1,0,False,1,115,39,3
14480,1,0,False,1,105,39,2
16219,1,0,False,1,105,39,0
15331,1,0,False,1,110,40,1
15331,1,0,False,1,115,40,3
15331,1,0,False,1,115,40,3
15331,1,0,False,1,105,40,2
15331,1,0,False,1,110,41,2
15331,1,0,False,1,115,41,3
15331,1,0,False,1,115,41,2
15331,1,0,False,1,115,41,3
15331,1,0,False,1,115,41,2
15331,1,0,False,1,105,42,2
15331,1,0,False,1,115,42,3
15331,1,0,False,1,115,42,3
15331,1,0,False,1,125,42,3
18511,1,0,False,1,110,42,1
13211,1,0,False,1,105,43,0
13211,1,0,False,1,115,43,3
13211,1,0,False,1,115,43,2
15331,1,0,False,1,110,43,1
11885,1,0,False,1,110,44,1
11885,1,0,False,1,115,44,3
11885,1,0,False,1,115,44,3
11885,1,0,False,1,105,44,2
13577,1,0,False,1,105,44,0
11091,1,0,False,1,115,45,3
11091,1,0,False,1,105,45,2
11091,1,0,False,1,110,45,1
11091,1,0,False,1,115,45,3
11091,1,0,False,1,105,46,2
13211,1,0,False,1,115,46,3
13211,1,0,False,1,110,46,1
13211,1,0,False,1,115,46,3
15331,1,0,False,1,105,46,0
15331,1,0,False,1,110,47,1
15331,1,0,False,1,115,47,3
15331,1,0,False,1,115,47,3
15331,1,0,False,1,105,47,2
13211,1,0,False,1,115,48,2
15331,1,0,False,1,105,48,0
15331,1,0,False,1,115,48,3
15331,1,0,False,1,115,48,2
15331,1,0,False,1,110,48,1
15331,1,0,False,1,115,48,3
15331,1,0,False,1,115,49,3
15331,1,0,False,1,125,49,3
15331,1,0,False,1,115,49,3
18511,1,0,False,1,110,49,1
13211,1,0,False,1,115,50,3
13211,1,0,False,1,115,50,3
13211,1,0,False,1,105,50,0
13211,1,0,False,1,110,50,1
10031,1,0,False,1,105,51,2
11091,1,0,False,1,115,51,3
11091,1,0,False,1,110,51,1
11091,1,0,False,1,115,51,3
11091,1,0,False,1,105,51,0
10031,1,0,False,1,105,52,0
10031,1,0,False,1,105,52,2
10031,1,0,False,1,115,52,3
11091,1,0,False,1,110,52,1
11091,1,0,False,1,115,52,3
11091,1,0,False,1,105,53,2
11091,1,0,False,1,115,53,3
13211,1,0,False,1,110,53,1
13211,1,0,False,1,115,53,3
15331,1,0,False,1,105,53,0
13577,1,0,False,1,115,54,3
13577,1,0,False,1,105,54,2
13577,1,0,False,1,115,54,3
15830,1,0,False,1,110,54,1
13211,1,0,False,1,115,55,2
13211,1,0,False,1,115,55,3
13211,1,0,False,1,105,55,0
15331,1,0,False,1,115,55,3
15331,1,0,False,1,110,55,1
13577,1,0,False,1,115,56,3
13577,1,0,False,1,125,56,3
13577,1,0,False,1,115,56,3
11091,1,0,False,1,105,57,2
13211,1,0,False,1,115,57,3
13211,1,0,False,1,115,57,3
11005,1,0,False,1,110,58,1
11005,1,0,False,1,105,58,0
11005,1,0,False,1,105,58,2
11005,1,0,False,1,115,58,3
12163,1,0,False,1,115,58,3
10758,1,0,False,1,115,59,3
10758,1,0,False,1,105,59,2
11885,1,0,False,1,110,59,1
11885,1,0,False,1,105,59,0
11885,1,0,False,1,115,59,3
11885,1,0,False,1,105,60,2
11885,1,0,False,1,115,60,3
13577,1,0,False,1,105,60,0
13577,1,0,False,1,115,60,3
13577,1,0,False,1,110,60,1
13577,1,0,False,1,105,61,2
13577,1,0,False,1,115,61,3
15830,1,0,False,1,110,61,1
15830,1,0,False,1,115,61,3
13211,1,0,False,1,100,62,2
13211,1,0,False,1,105,62,0
15331,1,0,False,1,115,62,3
15331,1,0,False,1,110,62,1
15331,1,0,False,1,115,62,3
13211,1,0,False,1,115,63,3
13211,1,0,False,1,115,63,3
15331,1,0,False,1,110,63,1
15331,1,0,False,1,125,63,3
10031,1,0,False,1,115,64,2
10031,1,0,False,1,115,64,3
11091,1,0,False,1,110,64,1
11091,1,0,False,1,115,64,3
10031,1,0,False,1,105,65,0
10031,1,0,False,1,115,65,3
10031,1,0,False,1,105,65,2
10031,1,0,False,1,115,65,3
10031,1,0,False,1,110,65,1
10031,1,0,False,1,115,66,3
10031,1,0,False,1,105,66,0
10031,1,0,False,1,110,66,1
10031,1,0,False,1,115,66,3
10031,1,0,False,1,105,66,2
10031,1,0,False,1,105,67,2
10031,1,0,False,1,115,67,3
11091,1,0,False,1,110,67,1
11091,1,0,False,1,115,67,3
13577,1,0,False,1,115,68,3
13577,1,0,False,1,105,68,2
15830,1,0,False,1,110,68,1
15830,1,0,False,1,115,68,3
19290,1,0,False,1,105,68,0
13577,1,0,False,1,115,69,3
13577,1,0,False,1,115,69,2
13577,1,0,False,1,105,69,0
13577,1,0,False,1,110,69,1
11091,1,0,False,1,115,70,3
13211,1,0,False,1,115,70,3
13211,1,0,False,1,110,70,1
13211,1,0,False,1,125,70,3
10031,1,0,False,1,115,71,3
10031,1,0,False,1,115,71,2
10031,1,0,False,1,115,71,3
11091,1,0,False,1,110,71,1
11091,1,0,False,1,105,71,0
10031,1,0,False,1,115,72,3
10031,1,0,False,1,105,72,2
10031,1,0,False,1,110,72,1
10031,1,0,False,1,105,72,0
10031,1,0,False,1,115,72,3
10031,1,0,False,1,115,73,3
10031,1,0,False,1,110,73,1
10031,1,0,False,1,105,73,0
10031,1,0,False,1,105,73,2
10031,1,0,False,1,115,73,3
10031,1,0,False,1,105,74,2
10031,1,0,False,1,115,74,3
10031,1,0,False,1,110,74,1
11091,1,0,False,1,115,74,3
11091,1,0,False,1,115,75,3
13211,1,0,False,1,115,75,3
11091,1,0,False,1,105,75,2
13211,1,0,False,1,110,75,1
15331,1,0,False,1,105,75,0
24871,1,3,True,1,150,1,3
30234,1,3,False,1,110,7,2
24871,1,3,False,1,115,26,0
29641,1,3,False,1,115,27,1
25723,1,3,False,1,110,28,2
22109,1,3,False,1,115,30,1
23168,1,3,False,1,115,33,0
21691,1,3,False,1,115,34,1
21691,1,3,False,1,110,35,2
21691,1,3,False,1,115,40,0
22109,1,3,False,1,115,41,1
19290,1,3,False,1,110,42,2
18511,1,3,False,1,115,44,1
18511,1,3,False,1,115,47,0
22109,1,3,False,1,115,48,1
18511,1,3,False,1,110,49,2
18511,1,3,False,1,115,51,1
18511,1,3,False,1,115,54,0
18511,1,3,False,1,115,55,1
18511,1,3,False,1,110,56,2
15331,1,3,False,1,115,58,1
18511,1,3,False,1,115,61,0
15331,1,3,False,1,115,62,1
18511,1,3,False,1,110,63,2
15830,1,3,False,1,115,65,1
19290,1,3,False,1,115,68,0
18511,1,3,False,1,115,69,1
15331,1,3,False,1,110,70,2
15331,1,3,False,1,115,72,1
18511,1,3,False,1,115,75,0
37864,0,2,False,0,200,3,0
37864,0,2,False,0,195,3,3
37864,0,2,False,0,195,6,3
28356,0,2,False,0,195,7,3
29220,0,2,False,3,190,7,3
37864,0,2,False,0,200,7,0
28356,0,2,False,0,200,7,2
34020,0,2,False,3,190,8,3
37864,0,2,False,0,200,8,2
37864,0,2,False,0,200,8,0
37864,0,2,False,0,195,8,3
43220,0,2,False,3,190,26,3
48339,0,2,False,0,200,28,0
34339,0,2,False,0,200,28,2
34720,0,2,False,3,190,29,3
41519,0,2,False,0,200,29,2
48339,0,2,False,0,200,30,0
30720,0,2,False,3,190,31,3
40339,0,2,False,0,200,31,0
48339,0,2,False,0,200,32,0
40339,0,2,False,0,195,32,3
34720,0,2,False,3,190,33,3
48339,0,2,False,0,200,33,0
40339,0,2,False,0,195,34,3
34720,0,2,False,3,190,36,3
40339,0,2,False,0,200,36,2
35177,0,2,False,3,190,38,3
48339,0,2,False,0,200,39,0
34720,0,2,False,3,190,40,3
40339,0,2,False,0,200,42,0
34720,0,2,False,3,190,43,3
40339,0,2,False,0,200,43,2
40339,0,2,False,0,200,44,0
33758,0,2,False,3,190,45,3
41519,0,2,False,0,200,45,0
34720,0,2,False,3,190,47,3
40339,0,2,False,0,200,49,0
34720,0,2,False,3,190,50,3
40339,0,2,False,0,200,50,2
40339,0,2,False,0,200,51,0
27821,0,2,False,3,190,52,3
41519,0,2,False,0,200,52,0
48339,0,2,False,0,200,53,0
30720,0,2,False,3,190,54,3
48339,0,2,False,0,200,55,0
40339,0,2,False,0,200,56,0
26220,0,2,False,3,190,57,3
40339,0,2,False,0,200,57,2
41519,0,2,False,0,200,58,0
26220,0,2,False,3,190,59,3
40339,0,2,False,0,200,59,0
48339,0,2,False,0,200,60,0
41519,0,2,False,0,200,63,0
26220,0,2,False,3,190,64,3
41519,0,2,False,0,200,64,2
40339,0,2,False,0,200,65,0
30720,0,2,False,3,190,66,3
40339,0,2,False,0,200,66,0
48339,0,2,False,0,200,67,0
30720,0,2,False,3,190,68,3
40339,0,2,False,0,200,70,0
26220,0,2,False,3,190,71,3
40339,0,2,False,0,200,71,2
40339,0,2,False,0,200,72,0
25648,0,2,False,3,190,73,3
40339,0,2,False,0,200,73,0
30966,0,1,True,0,110,1,0
30966,0,1,True,0,105,1,3
30966,0,1,True,0,110,1,0
31660,0,1,True,0,110,1,3
41720,0,1,True,3,100,1,3
41720,0,1,True,3,95,1,3
45720,0,1,True,3,100,1,3
37720,0,1,False,3,100,2,3
29898,0,1,False,0,110,2,2
29898,0,1,False,0,110,2,2
30966,0,1,False,0,110,2,0
30966,0,1,False,0,110,2,1
30966,0,1,False,0,110,2,0
33720,0,1,False,3,105,2,1
21356,0,1,False,0,105,3,1
26220,0,1,False,3,100,3,3
26220,0,1,False,3,100,3,1
26220,0,1,False,3,105,3,1
26220,0,1,False,3,100,3,1
26220,0,1,False,3,95,3,3
27229,0,1,False,0,110,3,1
24220,0,1,False,3,100,4,1
25627,0,1,False,0,105,4,3
24220,0,1,False,3,100,4,2
24220,0,1,False,3,95,4,3
25627,0,1,False,0,110,4,3
25627,0,1,False,0,105,4,1
25627,0,1,False,0,110,4,1
25627,0,1,False,0,110,4,3
25627,0,1,False,0,110,4,3
23491,0,1,False,0,110,5,3
29720,0,1,False,3,105,5,0
25627,0,1,False,0,105,5,3
25627,0,1,False,0,110,5,3
26220,0,1,False,3,95,5,3
26220,0,1,False,3,100,5,1
26220,0,1,False,3,105,5,1
26220,0,1,False,3,100,5,1
27138,0,1,False,2,140,5,2
20720,0,1,False,3,100,6,1
26220,0,1,False,3,100,6,3
26220,0,1,False,3,105,6,0
22720,0,1,False,3,100,6,1
26220,0,1,False,3,100,6,1
26220,0,1,False,3,95,6,3
26220,0,1,False,3,105,6,1
26220,0,1,False,3,100,6,1
26220,0,1,False,3,90,6,0
25520,0,1,False,3,95,7,3
29898,0,1,False,0,110,7,3
27009,0,1,False,3,105,7,0
27009,0,1,False,3,100,7,1
29109,0,1,False,2,140,7,2
29720,0,1,False,3,100,7,3
29720,0,1,False,3,105,7,1
29898,0,1,False,0,105,7,3
29898,0,1,False,0,110,7,3
29898,0,1,False,0,105,7,1
19920,0,1,False,3,105,8,0
20620,0,1,False,3,100,8,1
20620,0,1,False,3,95,8,3
22720,0,1,False,3,100,8,1
22720,0,1,False,3,105,8,1
24413,0,1,False,0,105,8,1
19920,0,1,False,3,95,10,3
22720,0,1,False,3,100,10,3
22720,0,1,False,3,150,10,0
21356,0,1,False,0,110,10,3
21356,0,1,False,0,105,10,3
22170,0,1,False,3,100,10,1
22720,0,1,False,3,100,10,1
22720,0,1,False,3,105,10,1
23491,0,1,False,0,105,10,1
24159,0,1,False,3,140,11,3
26220,0,1,False,3,80,11,0
25627,0,1,False,0,110,11,3
25627,0,1,False,0,105,11,3
25627,0,1,False,0,110,11,3
26220,0,1,False,3,105,11,1
26220,0,1,False,3,95,11,3
29898,0,1,False,0,105,11,1
29898,0,1,False,0,105,11,1
29898,0,1,False,0,110,11,3
27329,0,1,False,3,100,12,1
29720,0,1,False,3,100,12,3
27329,0,1,False,3,105,12,0
27629,0,1,False,3,95,12,3
29898,0,1,False,0,110,12,3
29898,0,1,False,0,110,12,3
29898,0,1,False,0,110,12,3
29898,0,1,False,0,105,12,3
29898,0,1,False,0,110,12,2
29898,0,1,False,0,110,13,2
29898,0,1,False,0,110,13,3
29898,0,1,False,0,105,13,3
29898,0,1,False,0,110,13,3
30613,0,1,False,3,100,13,1
30913,0,1,False,3,105,13,0
30913,0,1,False,3,95,13,3
33720,0,1,False,3,125,13,0
37720,0,1,False,3,100,13,3
29898,0,1,False,0,110,14,3
29898,0,1,False,0,105,14,2
29898,0,1,False,0,110,14,3
29898,0,1,False,0,110,14,0
29898,0,1,False,0,110,14,2
29898,0,1,False,0,105,14,3
29898,0,1,False,0,110,14,3
30913,0,1,False,3,100,14,1
30913,0,1,False,3,105,14,0
30913,0,1,False,3,95,14,3
29898,0,1,False,0,110,15,3
37720,0,1,False,3,100,15,3
45720,0,1,False,3,105,15,0
29898,0,1,False,0,105,15,3
37720,0,1,False,3,105,15,1
37720,0,1,False,3,100,15,1
37720,0,1,False,3,95,15,3
41720,0,1,False,3,100,15,1
29898,0,1,False,0,110,16,3
37720,0,1,False,3,100,16,3
30913,0,1,False,3,105,16,0
30613,0,1,False,3,95,16,3
30613,0,1,False,3,100,16,1
22720,0,1,True,3,85,17,0
25620,0,1,True,3,100,17,3
25620,0,1,True,3,105,17,0
25620,0,1,True,3,105,17,1
25620,0,1,True,3,95,17,3
25620,0,1,True,3,100,17,1
25620,0,1,True,3,100,17,1
28489,0,1,True,0,110,17,3
28489,0,1,True,0,105,17,3
29109,0,1,True,2,125,17,0
22720,0,1,True,3,75,18,1
33032,0,1,True,0,110,18,3
33032,0,1,True,0,110,18,0
29720,0,1,True,3,95,18,3
33032,0,1,True,0,105,18,3
33032,0,1,True,0,110,18,3
33032,0,1,True,0,110,18,3
33032,0,1,True,0,105,18,1
33032,0,1,True,0,110,18,0
33032,0,1,True,0,110,18,2
22309,0,1,False,3,100,19,2
25620,0,1,False,3,100,19,3
25620,0,1,False,3,105,19,0
25620,0,1,False,3,100,19,1
25620,0,1,False,3,100,19,1
25620,0,1,False,3,105,19,1
25620,0,1,False,3,95,19,3
32489,0,1,False,0,110,19,3
37489,0,1,False,0,105,19,3
42489,0,1,False,0,110,19,3
26220,0,1,False,3,75,20,1
26220,0,1,False,3,100,20,0
41720,0,1,False,3,100,20,0
43771,0,1,False,0,105,20,3
43771,0,1,False,0,110,20,3
43771,0,1,False,0,110,20,3
44959,0,1,False,0,105,20,1
27620,0,1,False,3,100,22,3
27620,0,1,False,3,105,22,0
27620,0,1,False,3,105,22,1
27620,0,1,False,3,100,22,1
27620,0,1,False,3,100,22,1
27620,0,1,False,3,95,22,3
29720,0,1,False,3,100,22,0
37489,0,1,False,0,110,22,3
37489,0,1,False,0,105,22,3
29720,0,1,True,3,95,23,3
29720,0,1,True,3,100,23,3
29720,0,1,True,3,105,23,0
33720,0,1,True,3,100,23,1
37490,0,1,True,2,145,23,3
29620,0,1,False,3,100,24,3
29620,0,1,False,3,105,24,0
29620,0,1,False,3,100,24,1
29620,0,1,False,3,105,24,1
29620,0,1,False,3,100,24,1
29620,0,1,False,3,95,24,3
29620,0,1,False,3,100,25,3
32489,0,1,False,0,110,25,0
29620,0,1,False,3,100,25,2
29620,0,1,False,3,100,25,1
38902,0,1,False,0,110,27,3
26631,0,1,False,3,100,27,1
26631,0,1,False,3,100,27,1
29720,0,1,False,3,100,27,0
29620,0,1,False,3,100,27,3
29620,0,1,False,3,95,27,3
22309,0,1,False,3,95,28,3
38902,0,1,False,0,110,28,3
25648,0,1,False,3,105,28,1
28987,0,1,False,3,100,28,1
28987,0,1,False,3,100,28,1
19220,0,1,False,3,100,29,3
19220,0,1,False,3,100,29,1
19220,0,1,False,3,100,29,1
19220,0,1,False,3,105,29,1
12220,0,1,False,3,105,30,0
15626,0,1,False,3,100,30,3
15626,0,1,False,3,100,30,1
15626,0,1,False,3,95,30,3
20489,0,1,False,0,110,30,3
12220,0,1,False,3,105,31,1
12220,0,1,False,3,100,31,3
12220,0,1,False,3,95,31,3
12220,0,1,False,3,100,31,1
12220,0,1,False,3,100,31,1
12220,0,1,False,3,95,32,3
24726,0,1,False,0,110,32,0
15720,0,1,False,3,100,32,1
15720,0,1,False,3,100,32,3
15720,0,1,False,3,100,32,2
15720,0,1,False,3,105,33,0
15720,0,1,False,3,100,33,3
15720,0,1,False,3,105,33,1
15720,0,1,False,3,95,33,3
15720,0,1,False,3,100,33,1
15720,0,1,False,3,95,34,3
24489,0,1,False,0,110,34,3
15720,0,1,False,3,100,34,0
15720,0,1,False,3,100,34,1
19220,0,1,False,3,100,34,3
19220,0,1,False,3,105,34,0
19220,0,1,False,3,100,34,1
15626,0,1,False,3,100,35,3
15626,0,1,False,3,95,35,3
18970,0,1,False,3,105,35,1
21967,0,1,False,3,105,35,0
22309,0,1,False,3,100,35,1
12220,0,1,False,3,105,36,0
24726,0,1,False,0,110,36,3
12288,0,1,False,3,105,36,1
12288,0,1,False,3,100,36,1
15626,0,1,False,3,95,36,3
15626,0,1,False,3,100,36,1
15626,0,1,False,3,100,36,3
12220,0,1,False,3,95,37,3
12220,0,1,False,3,100,37,3
12220,0,1,False,3,105,37,0
20574,0,1,False,0,110,37,1
12419,0,1,False,3,100,38,1
12419,0,1,False,3,100,38,3
12419,0,1,False,3,105,38,0
12419,0,1,False,3,100,38,1
12419,0,1,False,3,105,38,1
12419,0,1,False,3,95,38,3
12220,0,1,False,3,100,39,1
12220,0,1,False,3,100,39,3
12220,0,1,False,3,100,39,2
12220,0,1,False,3,105,39,1
12220,0,1,False,3,95,39,3
12220,0,1,False,3,100,40,3
15720,0,1,False,3,105,40,0
12220,0,1,False,3,95,40,3
15720,0,1,False,3,105,40,1
15720,0,1,False,3,100,40,1
15720,0,1,False,3,100,40,1
15720,0,1,False,3,100,41,0
15720,0,1,False,3,100,41,1
15720,0,1,False,3,100,41,1
15720,0,1,False,3,95,41,3
15720,0,1,False,3,95,42,3
22720,0,1,False,3,105,42,0
19220,0,1,False,3,105,42,1
19220,0,1,False,3,100,42,1
19220,0,1,False,3,100,42,3
12220,0,1,False,3,105,43,1
12220,0,1,False,3,100,43,3
12220,0,1,False,3,105,43,0
12220,0,1,False,3,100,43,1
12220,0,1,False,3,100,43,1
12220,0,1,False,3,95,43,3
9720,0,1,False,3,95,44,3
9720,0,1,False,3,100,44,3
12220,0,1,False,3,105,44,0
12220,0,1,False,3,100,44,1
20489,0,1,False,0,110,44,3
9720,0,1,False,3,100,45,3
12220,0,1,False,3,105,45,0
12220,0,1,False,3,105,45,1
12220,0,1,False,3,95,45,3
12220,0,1,False,3,100,45,1
12220,0,1,False,3,100,45,1
12220,0,1,False,3,105,46,1
12220,0,1,False,3,100,46,3
12220,0,1,False,3,100,46,2
12220,0,1,False,3,95,46,3
12220,0,1,False,3,100,46,1
12220,0,1,False,3,100,47,3
15720,0,1,False,3,105,47,0
12220,0,1,False,3,95,47,3
12220,0,1,False,3,105,47,1
12220,0,1,False,3,100,47,1
12220,0,1,False,3,100,48,1
12220,0,1,False,3,100,48,3
15720,0,1,False,3,105,48,0
12220,0,1,False,3,95,48,3
15720,0,1,False,3,100,48,1
20489,0,1,False,0,110,48,3
12220,0,1,False,3,105,50,1
12220,0,1,False,3,100,50,3
12220,0,1,False,3,105,50,0
12220,0,1,False,3,100,50,1
12220,0,1,False,3,100,50,1
12220,0,1,False,3,95,50,3
9720,0,1,False,3,100,51,1
9720,0,1,False,3,100,51,3
9720,0,1,False,3,105,51,0
9720,0,1,False,3,95,51,3
20489,0,1,False,0,105,51,1
9720,0,1,False,3,105,52,1
9720,0,1,False,3,100,52,3
12220,0,1,False,3,105,52,0
9720,0,1,False,3,95,52,3
12220,0,1,False,3,100,52,1
12220,0,1,False,3,100,52,1
9490,0,1,False,3,95,53,3
21033,0,1,False,0,110,53,3
29439,0,1,False,0,110,53,0
12419,0,1,False,3,100,53,3
12419,0,1,False,3,100,53,2
12419,0,1,False,3,105,53,1
12220,0,1,False,3,105,54,1
12220,0,1,False,3,100,54,3
12220,0,1,False,3,105,54,0
12220,0,1,False,3,95,54,3
12220,0,1,False,3,100,54,1
12220,0,1,False,3,100,55,1
12220,0,1,False,3,100,55,3
12220,0,1,False,3,95,55,3
15720,0,1,False,3,100,55,1
15720,0,1,False,3,105,55,0
24726,0,1,False,0,110,56,3
19220,0,1,False,3,105,56,0
15720,0,1,False,3,100,56,1
15720,0,1,False,3,100,56,1
15720,0,1,False,3,100,56,3
15720,0,1,False,3,95,56,3
12220,0,1,False,3,105,57,1
12220,0,1,False,3,100,57,3
12220,0,1,False,3,105,57,0
12220,0,1,False,3,95,57,3
12220,0,1,False,3,100,57,1
12220,0,1,False,3,100,57,1
9490,0,1,False,3,95,58,3
9490,0,1,False,3,100,58,3
9720,0,1,False,3,105,58,0
9720,0,1,False,3,100,58,1
20489,0,1,False,0,110,58,3
9490,0,1,False,3,100,59,1
9490,0,1,False,3,100,59,3
12220,0,1,False,3,105,59,0
9490,0,1,False,3,105,59,1
12220,0,1,False,3,100,59,1
9490,0,1,False,3,95,60,3
9720,0,1,False,3,100,60,3
24489,0,1,False,0,110,60,0
12220,0,1,False,3,105,60,1
12220,0,1,False,3,100,60,2
12419,0,1,False,3,100,61,1
12419,0,1,False,3,100,61,3
13348,0,1,False,3,105,61,0
12419,0,1,False,3,95,61,3
12220,0,1,False,3,105,61,1
12220,0,1,False,3,100,62,1
12220,0,1,False,3,100,62,3
15720,0,1,False,3,105,62,0
12220,0,1,False,3,95,62,3
15720,0,1,False,3,100,62,1
20489,0,1,False,0,110,62,0
19220,0,1,False,3,105,63,0
15720,0,1,False,3,105,63,1
15720,0,1,False,3,100,63,1
15720,0,1,False,3,100,63,3
15720,0,1,False,3,95,63,3
12220,0,1,False,3,95,64,3
12220,0,1,False,3,100,64,1
12220,0,1,False,3,105,64,0
12220,0,1,False,3,100,64,3
12220,0,1,False,3,100,64,1
9490,0,1,False,3,100,66,3
9490,0,1,False,3,100,66,1
9490,0,1,False,3,95,66,3
9490,0,1,False,3,105,66,1
12220,0,1,False,3,100,66,1
9490,0,1,False,3,105,67,1
9490,0,1,False,3,100,67,3
12220,0,1,False,3,100,67,2
9490,0,1,False,3,95,67,3
9720,0,1,False,3,100,67,1
12220,0,1,False,3,105,68,1
12220,0,1,False,3,100,68,3
12220,0,1,False,3,105,68,0
12220,0,1,False,3,100,68,1
12220,0,1,False,3,95,68,3
12220,0,1,False,3,100,69,3
24726,0,1,False,0,110,69,0
12220,0,1,False,3,95,69,3
12220,0,1,False,3,100,69,1
15626,0,1,False,3,105,69,0
15626,0,1,False,3,100,69,1
15720,0,1,False,3,100,70,3
19220,0,1,False,3,105,70,0
15720,0,1,False,3,95,70,3
15720,0,1,False,3,100,70,1
19220,0,1,False,3,100,70,1
12220,0,1,False,3,95,71,3
12220,0,1,False,3,105,71,0
12220,0,1,False,3,100,71,1
12220,0,1,False,3,100,71,1
9490,0,1,False,3,95,72,3
9490,0,1,False,3,100,72,3
9490,0,1,False,3,105,72,0
20489,0,1,False,0,110,72,1
9490,0,1,False,3,105,73,1
9490,0,1,False,3,100,73,3
12220,0,1,False,3,100,73,1
12220,0,1,False,3,100,73,1
12220,0,1,False,3,95,73,3
9490,0,1,False,3,105,74,1
9490,0,1,False,3,100,74,3
9490,0,1,False,3,100,74,1
9490,0,1,False,3,95,74,3
12220,0,1,False,3,100,74,2
12220,0,1,False,3,105,75,0
12220,0,1,False,3,100,75,3
12220,0,1,False,3,100,75,1
12220,0,1,False,3,95,75,3
21877,2,1,True,3,100,1,3
35877,2,1,False,3,100,2,0
27277,2,1,False,3,110,3,3
29230,2,1,False,3,100,3,3
27277,2,1,False,3,100,3,0
29230,2,1,False,3,100,3,3
37190,2,1,False,3,110,3,1
23077,2,1,False,3,100,4,3
23777,2,1,False,3,100,4,0
23777,2,1,False,3,110,4,3
24329,2,1,False,3,100,4,3
25747,2,1,False,3,110,4,1
25877,2,1,False,3,100,5,3
25877,2,1,False,3,100,5,3
29377,2,1,False,3,100,5,0
29377,2,1,False,3,110,5,1
27347,2,1,False,3,110,6,3
27347,2,1,False,3,100,6,2
27347,2,1,False,3,100,6,3
25177,2,1,False,3,100,7,3
27277,2,1,False,3,100,7,0
29051,2,1,False,3,100,7,3
29230,2,1,False,3,110,7,3
33210,2,1,False,3,110,7,1
22733,2,1,False,3,100,8,3
26284,2,1,False,3,100,8,3
26284,2,1,False,3,110,8,1
26284,2,1,False,3,110,8,3
22377,2,1,False,3,110,9,3
23806,2,1,False,3,100,9,0
22377,2,1,False,3,85,9,1
22377,2,1,False,3,100,9,3
19577,2,1,False,3,110,10,3
22265,2,1,False,3,100,10,3
19577,2,1,False,3,100,10,0
19577,2,1,False,3,100,10,3
22265,2,1,False,3,110,10,1
20577,2,1,False,3,110,11,3
22265,2,1,False,3,100,11,3
20577,2,1,False,3,100,11,0
20577,2,1,False,3,100,11,3
25747,2,1,False,3,110,11,1
24077,2,1,False,3,110,12,3
25747,2,1,False,3,100,12,3
24077,2,1,False,3,100,12,0
24077,2,1,False,3,100,12,3
29230,2,1,False,3,110,12,1
31009,2,1,False,3,100,13,2
33077,2,1,False,3,100,13,3
34537,2,1,False,3,110,13,3
27399,2,1,False,3,100,14,3
29377,2,1,False,3,100,14,3
27277,2,1,False,3,100,14,0
33210,2,1,False,3,110,14,1
27347,2,1,False,3,100,15,0
31009,2,1,False,3,100,15,3
29230,2,1,False,3,100,15,3
31277,2,1,False,3,110,15,3
37190,2,1,False,3,110,15,1
33077,2,1,False,3,100,16,3
36477,2,1,False,3,100,16,0
22877,2,1,True,3,100,16,3
22877,2,1,True,3,100,16,3
25277,2,1,True,3,100,16,0
25277,2,1,True,3,110,16,3
25277,2,1,True,3,110,16,1
25577,2,1,True,3,100,17,3
27647,2,1,True,3,100,17,3
27347,2,1,True,3,100,17,0
27347,2,1,True,3,110,17,1
37377,2,1,False,3,110,18,3
34537,2,1,False,3,100,18,3
34237,2,1,False,3,100,18,0
34537,2,1,False,3,100,18,3
34537,2,1,False,3,110,18,1
34237,2,1,False,3,110,19,3
34237,2,1,False,3,100,19,2
34237,2,1,False,3,100,19,3
34237,2,1,False,3,100,20,0
34537,2,1,False,3,100,20,3
34537,2,1,False,3,100,20,3
34537,2,1,False,3,110,20,3
34537,2,1,False,3,110,20,1
25512,2,1,False,3,100,21,3
27347,2,1,False,3,100,21,0
27647,2,1,False,3,110,21,3
27647,2,1,False,3,110,21,1
27647,2,1,False,3,100,21,3
27347,2,1,True,3,110,22,3
27347,2,1,True,3,100,22,0
27347,2,1,True,3,100,22,3
21572,2,1,False,3,100,23,3
21920,2,1,False,3,100,23,3
25265,2,1,False,3,110,23,1
25265,2,1,False,3,100,23,0
22377,2,1,False,3,110,24,1
22377,2,1,False,3,100,24,3
22377,2,1,False,3,100,24,0
22377,2,1,False,3,110,24,3
22377,2,1,False,3,100,24,3
22377,2,1,False,3,100,25,3
22377,2,1,False,3,100,25,3
25877,2,1,False,3,100,25,0
25877,2,1,False,3,110,25,3
22877,2,1,False,3,110,26,3
22877,2,1,False,3,100,26,2
22877,2,1,False,3,100,26,3
25877,2,1,False,3,100,27,3
25877,2,1,False,3,100,27,3
37377,2,1,False,3,110,27,1
37377,2,1,False,3,100,27,0
37377,2,1,False,3,110,27,3
21277,2,1,False,3,100,28,0
21277,2,1,False,3,100,28,3
21277,2,1,False,3,110,28,1
21277,2,1,False,3,100,28,3
21277,2,1,False,3,110,28,3
18877,2,1,False,3,100,29,0
18877,2,1,False,3,100,29,3
21277,2,1,False,3,110,29,3
18877,2,1,False,3,110,30,1
18877,2,1,False,3,100,30,3
18877,2,1,False,3,100,30,0
18877,2,1,False,3,100,30,3
18877,2,1,False,3,110,30,3
18877,2,1,False,3,110,31,1
18877,2,1,False,3,100,31,3
22377,2,1,False,3,100,31,0
18877,2,1,False,3,100,31,3
18877,2,1,False,3,110,31,3
18877,2,1,False,3,100,32,3
22377,2,1,False,3,100,32,0
18877,2,1,False,3,100,32,3
22377,2,1,False,3,110,32,1
22377,2,1,False,3,100,33,3
25512,2,1,False,3,110,33,3
21920,2,1,False,3,110,34,3
21920,2,1,False,3,100,34,3
21920,2,1,False,3,100,34,3
25265,2,1,False,3,110,34,1
25265,2,1,False,3,100,34,0
18877,2,1,False,3,110,35,3
18877,2,1,False,3,100,35,3
22377,2,1,False,3,100,35,0
18877,2,1,False,3,110,35,1
18877,2,1,False,3,100,35,3
15377,2,1,False,3,100,36,3
18877,2,1,False,3,100,36,0
18877,2,1,False,3,110,36,3
15244,2,1,False,3,100,37,3
15244,2,1,False,3,100,37,0
15244,2,1,False,3,110,37,3
18583,2,1,False,3,100,37,3
15377,2,1,False,3,110,38,3
15377,2,1,False,3,100,38,3
18877,2,1,False,3,100,38,0
15377,2,1,False,3,100,38,3
18877,2,1,False,3,110,38,1
18877,2,1,False,3,110,39,3
18877,2,1,False,3,100,39,3
18877,2,1,False,3,100,39,3
22377,2,1,False,3,100,39,0
18877,2,1,False,3,100,40,3
22377,2,1,False,3,110,40,3
18877,2,1,False,3,110,41,1
18877,2,1,False,3,100,41,3
18877,2,1,False,3,100,41,0
18877,2,1,False,3,110,41,3
18877,2,1,False,3,100,41,3
15377,2,1,False,3,110,42,1
15377,2,1,False,3,100,42,3
18877,2,1,False,3,100,42,0
18877,2,1,False,3,110,42,3
18877,2,1,False,3,100,42,3
15377,2,1,False,3,100,43,0
15377,2,1,False,3,100,43,3
18877,2,1,False,3,110,43,3
15377,2,1,False,3,110,44,1
15377,2,1,False,3,100,44,3
15377,2,1,False,3,100,44,0
15377,2,1,False,3,100,44,3
15377,2,1,False,3,110,45,1
15377,2,1,False,3,100,45,3
15377,2,1,False,3,100,45,0
15377,2,1,False,3,110,45,3
15377,2,1,False,3,100,45,3
15377,2,1,False,3,110,46,1
15377,2,1,False,3,100,46,3
18877,2,1,False,3,100,46,0
15377,2,1,False,3,110,46,3
15377,2,1,False,3,100,46,3
15377,2,1,False,3,100,47,3
18877,2,1,False,3,100,47,2
19124,2,1,False,3,110,48,3
19124,2,1,False,3,100,48,3
19124,2,1,False,3,100,48,0
19124,2,1,False,3,110,48,1
19124,2,1,False,3,100,48,3
15244,2,1,False,3,100,49,3
15244,2,1,False,3,110,49,3
18583,2,1,False,3,100,49,0
18583,2,1,False,3,100,49,3
15377,2,1,False,3,100,50,0
15377,2,1,False,3,110,50,3
15377,2,1,False,3,100,50,3
15377,2,1,False,3,110,51,3
15377,2,1,False,3,100,51,3
15377,2,1,False,3,100,51,0
15377,2,1,False,3,100,51,3
15377,2,1,False,3,110,51,1
15377,2,1,False,3,100,52,0
15377,2,1,False,3,100,52,3
15377,2,1,False,3,100,52,3
15377,2,1,False,3,110,52,1
15377,2,1,False,3,110,53,1
15377,2,1,False,3,100,53,3
15377,2,1,False,3,100,53,3
18877,2,1,False,3,100,53,0
15377,2,1,False,3,100,54,3
18877,2,1,False,3,100,54,2
18877,2,1,False,3,110,54,3
15377,2,1,False,3,100,55,3
18877,2,1,False,3,100,55,0
15377,2,1,False,3,100,55,3
18877,2,1,False,3,110,55,3
18877,2,1,False,3,110,55,1
15244,2,1,False,3,110,56,1
15244,2,1,False,3,100,56,3
15377,2,1,False,3,110,57,3
15377,2,1,False,3,100,57,3
15377,2,1,False,3,100,58,0
15377,2,1,False,3,100,58,3
15377,2,1,False,3,110,58,3
15377,2,1,False,3,110,58,1
15377,2,1,False,3,100,58,3
15377,2,1,False,3,100,59,0
15377,2,1,False,3,110,59,1
15377,2,1,False,3,100,59,3
15377,2,1,False,3,100,59,3
15244,2,1,False,3,100,60,3
15244,2,1,False,3,110,60,3
15244,2,1,False,3,100,60,3
18583,2,1,False,3,100,60,0
15535,2,1,False,3,100,61,3
19124,2,1,False,3,100,61,2
15377,2,1,False,3,100,62,3
15377,2,1,False,3,100,62,3
18877,2,1,False,3,100,62,0
18877,2,1,False,3,110,62,1
15377,2,1,False,3,100,63,3
15377,2,1,False,3,110,63,1
15377,2,1,False,3,110,64,3
15377,2,1,False,3,100,64,3
15377,2,1,False,3,100,65,0
15377,2,1,False,3,100,65,3
15377,2,1,False,3,100,65,3
15377,2,1,False,3,110,66,1
15377,2,1,False,3,100,66,3
15377,2,1,False,3,100,66,0
15377,2,1,False,3,100,66,3
15377,2,1,False,3,110,67,1
15377,2,1,False,3,100,67,3
15377,2,1,False,3,100,67,3
18877,2,1,False,3,100,67,0
18877,2,1,False,3,100,68,2
15377,2,1,False,3,100,68,3
15535,2,1,False,3,100,69,3
15535,2,1,False,3,100,69,3
19124,2,1,False,3,100,69,0
19124,2,1,False,3,110,69,1
18877,2,1,False,3,100,70,0
15377,2,1,False,3,100,70,3
15377,2,1,False,3,110,70,3
15377,2,1,False,3,110,71,3
15377,2,1,False,3,100,71,3
15377,2,1,False,3,100,72,3
15377,2,1,False,3,110,72,3
15377,2,1,False,3,100,72,3
15244,2,1,False,3,110,73,1
15244,2,1,False,3,100,73,0
15244,2,1,False,3,100,73,3
15244,2,1,False,3,100,73,3
15377,2,1,False,3,100,74,3
15377,2,1,False,3,110,74,3
15377,2,1,False,3,100,74,3
18877,2,1,False,3,100,74,0
15244,2,1,False,3,110,74,1
15244,2,1,False,3,100,74,3
15244,2,1,False,3,100,74,3
18583,2,1,False,3,100,74,0
38016,0,2,False,0,200,3,0
38016,0,2,False,0,195,3,3
38016,0,2,False,0,195,6,3
28469,0,2,False,0,195,7,3
38016,0,2,False,0,200,7,0
28469,0,2,False,0,200,7,2
38016,0,2,False,0,200,8,2
38016,0,2,False,0,200,8,0
38016,0,2,False,0,195,8,3
28620,0,2,False,3,190,29,3
48339,0,2,False,0,200,29,2
29944,0,2,False,3,190,31,3
33758,0,2,False,3,190,33,3
41868,0,2,False,0,195,34,3
33758,0,2,False,3,190,36,3
48339,0,2,False,0,200,37,0
34720,0,2,False,3,190,38,3
40339,0,2,False,0,200,38,0
48339,0,2,False,0,200,46,0
48339,0,2,False,0,200,48,0
40339,0,2,False,0,200,58,0
30720,0,2,False,3,190,61,3
48339,0,2,False,0,200,62,0
40339,0,2,False,0,200,63,0
25648,0,2,False,3,190,64,3
48339,0,2,False,0,200,69,0
41519,0,2,False,0,200,70,0
15711,1,0,False,3,115,0,2
25627,1,0,False,0,110,0,0
25627,1,0,False,0,115,0,2
26243,1,0,False,3,85,0,0
28296,1,0,False,0,105,0,0
21356,1,0,False,0,110,3,2
20743,1,0,False,3,115,3,2
21356,1,0,False,0,105,3,1
21356,1,0,False,0,110,3,0
21356,1,0,False,0,115,3,2
21356,1,0,False,0,95,3,0
20643,1,0,False,3,85,3,0
22743,1,0,False,3,100,3,1
22743,1,0,False,3,90,3,1
21356,1,0,False,0,110,4,2
22743,1,0,False,3,100,4,3
22743,1,0,False,3,100,4,0
22743,1,0,False,3,100,4,0
22743,1,0,False,3,105,4,3
22743,1,0,False,3,100,4,3
22743,1,0,False,3,115,4,2
25213,1,0,False,2,130,4,3
25627,1,0,False,0,110,4,3
25627,1,0,False,0,110,4,3
25627,1,0,False,0,110,5,2
26243,1,0,False,3,100,5,3
29898,1,0,False,0,105,5,0
26243,1,0,False,3,90,5,1
26243,1,0,False,3,100,5,1
26243,1,0,False,3,115,5,2
26243,1,0,False,3,85,5,0
26243,1,0,False,3,105,5,3
26243,1,0,False,3,85,5,0
27536,1,0,False,2,130,5,3
21356,1,0,False,0,115,6,2
29743,1,0,False,3,100,6,3
25627,1,0,False,0,105,6,1
26243,1,0,False,3,105,6,3
26243,1,0,False,3,85,6,0
26243,1,0,False,3,100,6,1
26243,1,0,False,3,115,6,2
28558,1,0,False,2,130,6,3
29743,1,0,False,3,90,6,1
16443,1,0,False,3,85,7,0
17143,1,0,False,3,100,7,3
17143,1,0,False,3,115,7,2
19243,1,0,False,3,100,7,1
19243,1,0,False,3,115,7,1
19243,1,0,False,3,105,7,3
19243,1,0,False,3,100,7,1
19243,1,0,False,3,100,7,0
19243,1,0,False,3,90,7,1
21356,1,0,False,0,115,7,2
16443,1,0,False,3,100,8,3
17143,1,0,False,3,115,8,2
16443,1,0,False,3,85,8,0
17085,1,0,False,0,115,8,1
17085,1,0,False,0,110,8,2
19243,1,0,False,3,100,8,1
19243,1,0,False,3,105,8,3
19243,1,0,False,3,90,8,1
21356,1,0,False,0,110,8,0
21356,1,0,False,0,110,8,3
15243,1,0,False,3,85,9,0
15243,1,0,False,3,100,9,3
15243,1,0,False,3,115,9,2
15743,1,0,False,3,115,9,0
15743,1,0,False,3,105,9,3
17085,1,0,False,0,115,9,2
17085,1,0,False,0,110,9,2
19243,1,0,False,3,110,9,1
19243,1,0,False,3,90,9,1
21356,1,0,False,0,105,9,1
16443,1,0,False,3,115,10,2
16443,1,0,False,3,100,10,3
16443,1,0,False,3,85,10,0
19243,1,0,False,3,105,10,3
19243,1,0,False,3,100,10,1
21356,1,0,False,0,110,10,3
22272,1,0,False,2,130,10,3
22743,1,0,False,3,90,10,1
25627,1,0,False,0,115,10,1
26941,1,0,False,3,85,11,0
27841,1,0,False,3,100,11,3
26941,1,0,False,3,115,11,2
29743,1,0,False,3,105,11,3
29743,1,0,False,3,100,11,0
29898,1,0,False,0,105,11,3
29898,1,0,False,0,105,11,1
29898,1,0,False,0,105,11,0
29898,1,0,False,0,110,11,2
29898,1,0,False,0,110,12,3
30778,1,0,False,3,115,12,2
30778,1,0,False,3,100,12,3
31078,1,0,False,3,85,12,0
31831,1,0,False,0,105,12,3
33743,1,0,False,3,105,12,3
34633,1,0,False,2,130,12,3
37743,1,0,False,3,100,12,1
30123,1,0,False,3,85,13,0
30523,1,0,False,3,115,13,2
37743,1,0,False,3,100,13,0
45743,1,0,False,3,100,13,1
27643,1,0,False,3,115,14,2
37743,1,0,False,3,100,14,3
27643,1,0,False,3,85,14,0
29898,1,0,False,0,115,14,2
29898,1,0,False,0,110,14,2
29898,1,0,False,0,110,14,0
31388,1,0,False,3,105,14,3
31388,1,0,False,3,100,14,0
33743,1,0,False,3,105,14,0
34633,1,0,False,2,130,14,3
31643,1,0,False,3,100,15,3
31643,1,0,False,3,115,15,2
33743,1,0,False,3,105,15,3
34633,1,0,False,2,130,15,3
37743,1,0,False,3,95,15,0
37743,1,0,False,3,90,15,1
41743,1,0,False,3,100,15,1
41743,1,0,False,3,85,15,0
29898,1,0,False,0,110,16,2
37743,1,0,False,3,100,16,3
33743,1,0,False,3,115,16,2
33743,1,0,False,3,105,16,3
37743,1,0,False,3,100,16,1
38584,1,0,False,2,130,16,3
41743,1,0,False,3,100,16,0
32831,1,0,True,3,105,17,3
43864,1,0,True,0,105,17,3
38631,1,0,True,0,105,17,0
36645,1,0,True,3,90,17,1
36645,1,0,True,3,115,17,2
36645,1,0,True,3,100,17,1
36645,1,0,True,3,85,17,0
38631,1,0,True,0,115,17,2
26243,1,0,True,3,100,18,0
41743,1,0,True,3,100,18,3
37743,1,0,True,3,105,18,3
37743,1,0,True,3,85,18,0
37743,1,0,True,3,115,18,2
38631,1,0,True,0,110,18,2
38631,1,0,True,0,115,18,2
41743,1,0,True,3,90,18,1
25643,1,0,False,3,90,19,1
25643,1,0,False,3,100,19,3
25643,1,0,False,3,115,19,2
25643,1,0,False,3,100,19,1
25643,1,0,False,3,105,19,3
25643,1,0,False,3,85,19,0
26243,1,0,False,3,100,19,0
26243,1,0,False,3,125,19,0
42578,1,0,False,0,115,19,2
32841,1,0,False,3,100,20,3
45052,1,0,False,0,110,20,0
32841,1,0,False,3,105,20,3
32841,1,0,False,3,100,20,1
37743,1,0,False,3,115,20,2
42578,1,0,False,0,105,20,3
43713,1,0,False,0,105,20,1
43713,1,0,False,0,105,20,3
22743,1,0,False,3,105,21,0
25643,1,0,False,3,100,21,3
25643,1,0,False,3,115,21,2
29743,1,0,False,3,115,21,2
25643,1,0,False,3,105,21,3
25643,1,0,False,3,100,21,1
34633,1,0,False,2,130,21,3
25643,1,0,False,3,85,21,0
25643,1,0,False,3,90,21,1
38631,1,0,False,0,115,21,2
19243,1,0,False,3,100,22,0
25643,1,0,False,3,100,22,3
19243,1,0,False,3,115,22,2
22743,1,0,False,3,100,22,1
22743,1,0,False,3,90,22,1
22743,1,0,False,3,105,22,3
25362,1,0,False,2,130,22,3
25643,1,0,False,3,85,22,0
28578,1,0,False,0,115,22,1
15743,1,0,True,3,100,23,0
24578,1,0,True,0,110,23,3
19243,1,0,True,3,115,23,2
19243,1,0,True,3,105,23,3
22272,1,0,True,2,130,23,3
22743,1,0,True,3,85,23,0
24578,1,0,True,0,115,23,1
24578,1,0,True,0,105,23,0
24578,1,0,True,0,115,23,2
24578,1,0,True,0,110,23,2
15743,1,0,False,3,115,24,2
19243,1,0,False,3,100,24,3
19243,1,0,False,3,105,24,3
19243,1,0,False,3,100,24,1
19243,1,0,False,3,85,24,0
19243,1,0,False,3,90,24,1
20578,1,0,False,0,110,24,2
22272,1,0,False,2,130,24,3
15743,1,0,False,3,100,25,0
19243,1,0,False,3,100,25,3
15743,1,0,False,3,105,25,3
19243,1,0,False,3,90,25,1
19243,1,0,False,3,85,25,0
19243,1,0,False,3,115,25,2
20578,1,0,False,0,110,25,2
22272,1,0,False,2,130,25,3
24578,1,0,False,0,110,25,3
19243,1,0,False,3,100,26,1
20576,1,0,False,3,100,26,3
22743,1,0,False,3,115,26,2
19243,1,0,False,3,105,26,3
19243,1,0,False,3,90,26,1
22272,1,0,False,2,130,26,3
22743,1,0,False,3,85,26,0
24578,1,0,False,0,110,26,2
28578,1,0,False,0,110,26,3
22743,1,0,False,3,100,27,3
19243,1,0,False,3,105,27,3
22743,1,0,False,3,85,27,0
22743,1,0,False,3,100,27,1
25362,1,0,False,2,130,27,3
15657,1,0,False,3,115,28,2
37578,1,0,False,0,105,28,3
29643,1,0,False,3,115,28,2
15657,1,0,False,3,105,28,3
18995,1,0,False,3,100,28,3
22272,1,0,False,2,130,28,3
22334,1,0,False,3,90,28,1
22334,1,0,False,3,100,28,1
15657,1,0,False,3,100,29,1
15657,1,0,False,3,100,29,3
20578,1,0,False,0,110,29,0
15657,1,0,False,3,105,29,3
15657,1,0,False,3,90,29,1
15657,1,0,False,3,85,29,0
15657,1,0,False,3,115,29,2
20668,1,0,False,0,110,30,3
20668,1,0,False,0,105,30,0
15743,1,0,False,3,100,30,3
15743,1,0,False,3,85,30,0
15743,1,0,False,3,105,30,3
12243,1,0,False,3,100,31,3
15743,1,0,False,3,115,31,2
12243,1,0,False,3,105,31,3
15743,1,0,False,3,90,31,1
15743,1,0,False,3,85,31,0
33124,1,0,False,0,115,32,2
15743,1,0,False,3,100,32,3
15743,1,0,False,3,105,32,3
15743,1,0,False,3,85,32,0
15743,1,0,False,3,115,32,2
18995,1,0,False,3,115,33,2
15657,1,0,False,3,105,33,3
18995,1,0,False,3,100,33,3
18995,1,0,False,3,100,33,1
18995,1,0,False,3,85,33,0
19243,1,0,False,3,100,34,3
19243,1,0,False,3,85,34,0
19243,1,0,False,3,105,34,3
19243,1,0,False,3,100,34,1
15657,1,0,False,3,115,35,2
29528,1,0,False,0,105,35,3
29528,1,0,False,0,110,35,0
15657,1,0,False,3,105,35,3
18995,1,0,False,3,115,35,2
18995,1,0,False,3,100,35,3
18995,1,0,False,3,85,35,0
18995,1,0,False,3,90,35,1
12243,1,0,False,3,100,37,3
12243,1,0,False,3,115,37,2
12243,1,0,False,3,105,37,3
12243,1,0,False,3,85,37,0
24578,1,0,False,0,110,37,2
12243,1,0,False,3,115,39,2
12243,1,0,False,3,100,39,3
12243,1,0,False,3,105,39,3
15743,1,0,False,3,85,39,0
19243,1,0,False,3,90,39,1
15743,1,0,False,3,100,40,3
15743,1,0,False,3,115,40,2
15743,1,0,False,3,105,40,3
19243,1,0,False,3,85,40,0
15743,1,0,False,3,90,40,1
12243,1,0,False,3,115,41,2
24578,1,0,False,0,110,41,3
15743,1,0,False,3,85,41,0
15743,1,0,False,3,100,41,3
15743,1,0,False,3,105,41,3
12243,1,0,False,3,105,42,3
28578,1,0,False,0,105,42,3
15657,1,0,False,3,100,42,1
15657,1,0,False,3,100,42,3
12243,1,0,False,3,100,43,1
12243,1,0,False,3,100,43,3
12243,1,0,False,3,115,43,2
12243,1,0,False,3,90,43,1
12243,1,0,False,3,105,43,3
12243,1,0,False,3,85,43,0
12243,1,0,False,3,85,44,0
12243,1,0,False,3,115,44,2
12243,1,0,False,3,105,44,3
9743,1,0,False,3,105,45,3
28578,1,0,False,0,110,45,3
28578,1,0,False,0,110,45,0
12243,1,0,False,3,100,45,3
12243,1,0,False,3,90,45,1
12243,1,0,False,3,100,46,3
12243,1,0,False,3,115,46,2
12243,1,0,False,3,105,46,3
12243,1,0,False,3,90,46,1
15743,1,0,False,3,115,47,2
15743,1,0,False,3,90,47,1
15743,1,0,False,3,100,47,3
15743,1,0,False,3,100,47,1
15743,1,0,False,3,105,47,3
12243,1,0,False,3,115,48,2
32578,1,0,False,0,105,48,3
15743,1,0,False,3,100,48,3
15743,1,0,False,3,85,48,0
15743,1,0,False,3,100,49,3
15743,1,0,False,3,115,49,2
15743,1,0,False,3,100,49,1
15743,1,0,False,3,105,49,3
15743,1,0,False,3,90,49,1
12243,1,0,False,3,85,50,0
12243,1,0,False,3,100,50,3
12243,1,0,False,3,115,50,2
12243,1,0,False,3,105,50,3
12243,1,0,False,3,100,50,1
12243,1,0,False,3,90,50,1
9743,1,0,False,3,115,51,2
12243,1,0,False,3,100,51,3
12243,1,0,False,3,85,51,0
12243,1,0,False,3,105,51,3
9520,1,0,False,3,105,52,3
28578,1,0,False,0,110,52,3
12243,1,0,False,3,115,52,2
12243,1,0,False,3,90,52,1
12440,1,0,False,3,90,53,1
12243,1,0,False,3,100,53,3
12243,1,0,False,3,115,53,2
12243,1,0,False,3,105,53,3
12243,1,0,False,3,105,54,3
15743,1,0,False,3,115,54,2
15743,1,0,False,3,100,54,1
15743,1,0,False,3,100,54,3
19243,1,0,False,3,85,54,0
12243,1,0,False,3,105,55,3
32578,1,0,False,0,105,55,3
12243,1,0,False,3,115,55,2
15657,1,0,False,3,100,55,3
15657,1,0,False,3,85,55,0
12440,1,0,False,3,115,56,2
29528,1,0,False,0,105,56,3
12440,1,0,False,3,105,56,3
16001,1,0,False,3,85,56,0
16001,1,0,False,3,100,56,3
16001,1,0,False,3,90,56,1
16001,1,0,False,3,100,56,1
9520,1,0,False,3,115,57,2
28578,1,0,False,0,105,57,3
12243,1,0,False,3,100,57,1
12243,1,0,False,3,90,57,1
12243,1,0,False,3,100,57,3
12243,1,0,False,3,85,57,0
12243,1,0,False,3,105,57,3
9520,1,0,False,3,115,58,2
28972,1,0,False,0,110,58,3
9520,1,0,False,3,105,58,3
12243,1,0,False,3,85,58,0
9930,1,0,False,3,100,58,3
9520,1,0,False,3,105,59,3
28972,1,0,False,0,110,59,3
28972,1,0,False,0,110,59,0
12243,1,0,False,3,90,59,1
12440,1,0,False,3,100,60,3
12440,1,0,False,3,115,60,2
12440,1,0,False,3,90,60,1
12440,1,0,False,3,105,60,3
12243,1,0,False,3,105,61,3
33124,1,0,False,0,105,61,3
15743,1,0,False,3,115,61,2
15743,1,0,False,3,100,61,1
15743,1,0,False,3,100,61,3
12243,1,0,False,3,115,62,2
15743,1,0,False,3,100,62,3
15743,1,0,False,3,100,62,1
15743,1,0,False,3,85,62,0
15743,1,0,False,3,105,62,3
12243,1,0,False,3,115,63,2
28578,1,0,False,0,105,63,3
12243,1,0,False,3,105,63,3
15743,1,0,False,3,100,63,1
15743,1,0,False,3,100,63,3
15743,1,0,False,3,85,63,0
9743,1,0,False,3,105,64,3
28578,1,0,False,0,105,64,3
9743,1,0,False,3,115,64,2
12243,1,0,False,3,90,64,1
12243,1,0,False,3,85,64,0
12243,1,0,False,3,100,64,3
9520,1,0,False,3,100,65,3
9520,1,0,False,3,115,65,2
9520,1,0,False,3,105,65,3
12243,1,0,False,3,85,65,0
9520,1,0,False,3,105,66,3
28578,1,0,False,0,110,66,0
9743,1,0,False,3,90,66,1
12243,1,0,False,3,85,66,0
9520,1,0,False,3,105,67,3
33124,1,0,False,0,110,67,3
28578,1,0,False,0,110,67,0
12243,1,0,False,3,115,67,2
12243,1,0,False,3,85,67,0
16001,1,0,False,3,100,68,1
16001,1,0,False,3,100,68,3
16001,1,0,False,3,115,68,2
16001,1,0,False,3,90,68,1
16001,1,0,False,3,105,68,3
12243,1,0,False,3,115,69,2
33124,1,0,False,0,105,69,3
12243,1,0,False,3,105,69,3
15657,1,0,False,3,100,69,1
15657,1,0,False,3,85,69,0
15657,1,0,False,3,100,69,3
12243,1,0,False,3,115,70,2
12243,1,0,False,3,105,70,3
15743,1,0,False,3,100,70,1
15743,1,0,False,3,85,70,0
15743,1,0,False,3,90,70,1
15743,1,0,False,3,100,70,3
9520,1,0,False,3,105,71,3
9520,1,0,False,3,100,71,3
9520,1,0,False,3,115,71,2
9520,1,0,False,3,90,71,1
9520,1,0,False,3,115,72,2
9520,1,0,False,3,100,72,3
9520,1,0,False,3,85,72,0
9520,1,0,False,3,105,72,3
9520,1,0,False,3,100,73,1
12243,1,0,False,3,115,73,2
9520,1,0,False,3,105,73,3
9520,1,0,False,3,90,73,1
12243,1,0,False,3,85,73,0
9520,1,0,False,3,105,74,3
24578,1,0,False,0,110,74,3
28578,1,0,False,0,110,74,0
12243,1,0,False,3,100,74,3
12243,1,0,False,3,115,74,2
15743,1,0,False,3,115,75,2
12243,1,0,False,3,105,75,3
15743,1,0,False,3,90,75,1
15743,1,0,False,3,85,75,0
22071,1,3,True,3,110,1,3
37554,1,3,True,3,85,1,3
37554,1,3,True,3,110,1,0
37554,1,3,True,3,90,1,1
37554,1,3,True,3,100,1,3
45514,1,3,True,3,100,1,2
38333,1,3,False,3,110,2,0
38333,1,3,False,3,100,2,2
27643,1,3,False,3,110,3,3
29594,1,3,False,3,100,3,2
33574,1,3,False,3,90,3,1
33574,1,3,False,3,100,3,3
33574,1,3,False,3,110,3,0
26243,1,3,False,3,100,4,2
29743,1,3,False,3,100,4,3
29743,1,3,False,3,110,4,0
29743,1,3,False,3,90,4,1
37743,1,3,False,3,110,4,3
29043,1,3,False,3,110,5,3
30943,1,3,False,3,100,5,2
33574,1,3,False,3,110,5,0
33574,1,3,False,3,100,5,3
37554,1,3,False,3,90,5,1
34431,1,3,False,3,90,6,1
34431,1,3,False,3,110,6,3
34431,1,3,False,3,100,6,2
29743,1,3,False,3,90,7,1
29743,1,3,False,3,100,7,3
29743,1,3,False,3,100,7,2
29743,1,3,False,3,110,7,0
37743,1,3,False,3,110,7,3
27779,1,3,False,3,110,8,3
29743,1,3,False,3,100,8,3
29743,1,3,False,3,100,8,2
27779,1,3,False,3,110,8,0
29743,1,3,False,3,90,8,1
33743,1,3,False,3,90,9,1
37743,1,3,False,3,110,9,3
35499,1,3,False,3,100,9,2
37743,1,3,False,3,110,10,3
41743,1,3,False,3,100,10,2
41251,1,3,False,3,100,11,2
42151,1,3,False,3,110,11,3
42151,1,3,False,3,90,11,1
45514,1,3,False,3,100,16,2
34431,1,3,True,3,100,17,3
34431,1,3,True,3,100,17,2
34431,1,3,True,3,110,17,0
34431,1,3,True,3,110,17,3
34431,1,3,True,3,90,17,1
35788,1,3,True,3,110,18,3
35788,1,3,True,3,100,18,2
35788,1,3,True,3,90,18,1
35788,1,3,True,3,100,18,3
35788,1,3,True,3,110,18,0
33443,1,3,False,3,100,19,2
36843,1,3,False,3,100,19,3
35499,1,3,False,3,110,19,0
37443,1,3,False,3,110,19,3
40843,1,3,False,3,90,19,1
26518,1,3,False,3,100,20,2
26518,1,3,False,3,110,20,3
26518,1,3,False,3,90,20,1
26518,1,3,False,3,110,21,0
26918,1,3,False,3,100,21,3
26918,1,3,False,3,100,21,2
26918,1,3,False,3,90,21,1
26918,1,3,False,3,110,21,3
25667,1,3,False,3,110,22,3
25667,1,3,False,3,100,22,2
25667,1,3,False,3,90,22,1
25667,1,3,False,3,110,22,0
25667,1,3,False,3,100,22,3
21643,1,3,True,3,90,23,1
22443,1,3,True,3,110,23,3
21643,1,3,True,3,100,23,2
18993,1,3,False,3,110,24,3
22332,1,3,False,3,100,24,2
22332,1,3,False,3,110,24,0
22332,1,3,False,3,100,24,3
22332,1,3,False,3,90,24,1
19146,1,3,False,3,100,25,3
19146,1,3,False,3,100,25,2
19146,1,3,False,3,110,25,0
19146,1,3,False,3,110,25,3
21643,1,3,False,3,90,25,1
25877,1,3,False,2,115,25,1
22332,1,3,False,3,100,26,2
22332,1,3,False,3,100,26,3
22332,1,3,False,3,110,26,3
22332,1,3,False,3,90,26,1
22332,1,3,False,3,110,26,0
19146,1,3,False,3,100,27,2
22629,1,3,False,3,110,27,3
22629,1,3,False,3,90,27,1
22787,1,3,False,2,115,27,1
19243,1,3,False,3,110,28,3
19243,1,3,False,3,100,28,2
22743,1,3,False,3,90,28,1
22743,1,3,False,3,100,28,3
22743,1,3,False,3,110,28,0
25240,1,3,False,2,115,28,1
19146,1,3,False,3,100,29,3
19146,1,3,False,3,100,29,2
19146,1,3,False,3,110,29,0
19146,1,3,False,3,90,29,1
19146,1,3,False,3,110,29,3
19546,1,3,False,3,110,30,3
19546,1,3,False,3,100,30,2
19243,1,3,False,3,110,31,0
19243,1,3,False,3,100,31,3
19243,1,3,False,3,100,31,2
19243,1,3,False,3,90,31,1
19243,1,3,False,3,110,31,3
15664,1,3,False,3,110,32,0
19146,1,3,False,3,100,32,3
19146,1,3,False,3,100,32,2
19146,1,3,False,3,110,32,3
19146,1,3,False,3,90,32,1
19546,1,3,False,3,100,33,3
23107,1,3,False,3,100,33,2
19546,1,3,False,3,110,33,3
23107,1,3,False,3,110,33,0
23107,1,3,False,3,90,33,1
19146,1,3,False,3,100,34,2
22629,1,3,False,3,110,34,3
22629,1,3,False,3,90,34,1
19243,1,3,False,3,90,35,1
19243,1,3,False,3,100,35,3
19243,1,3,False,3,100,35,2
19243,1,3,False,3,110,35,0
19146,1,3,False,3,110,35,3
15664,1,3,False,3,100,36,3
15664,1,3,False,3,110,36,0
15664,1,3,False,3,90,36,1
19146,1,3,False,3,110,36,3
15664,1,3,False,3,100,36,2
15664,1,3,False,3,100,37,2
19146,1,3,False,3,110,37,3
19146,1,3,False,3,90,37,1
15664,1,3,False,3,110,38,0
15664,1,3,False,3,100,38,3
19146,1,3,False,3,100,38,2
15664,1,3,False,3,110,38,3
15664,1,3,False,3,90,38,1
15653,1,3,False,3,100,39,3
15653,1,3,False,3,100,39,2
15653,1,3,False,3,110,39,3
15653,1,3,False,3,110,39,0
15653,1,3,False,3,90,39,1
19146,1,3,False,3,100,40,3
19146,1,3,False,3,100,40,2
19146,1,3,False,3,90,40,1
19146,1,3,False,3,110,40,0
19146,1,3,False,3,110,40,3
19546,1,3,False,3,110,41,3
19546,1,3,False,3,100,41,2
23107,1,3,False,3,90,41,1
19243,1,3,False,3,100,42,3
19243,1,3,False,3,100,42,2
19243,1,3,False,3,110,42,0
19243,1,3,False,3,110,42,3
19243,1,3,False,3,90,42,1
16001,1,3,False,3,110,43,3
16001,1,3,False,3,100,43,2
16001,1,3,False,3,100,43,3
16001,1,3,False,3,110,43,0
19546,1,3,False,3,90,43,1
15664,1,3,False,3,90,44,1
15664,1,3,False,3,110,44,3
15664,1,3,False,3,100,44,2
15664,1,3,False,3,100,45,3
15664,1,3,False,3,100,45,2
15664,1,3,False,3,110,45,0
15664,1,3,False,3,90,45,1
15664,1,3,False,3,110,45,3
15743,1,3,False,3,110,46,0
15743,1,3,False,3,100,46,3
15743,1,3,False,3,100,46,2
15743,1,3,False,3,90,46,1
15743,1,3,False,3,110,46,3
15664,1,3,False,3,100,47,3
19146,1,3,False,3,100,47,2
15664,1,3,False,3,110,47,3
19146,1,3,False,3,90,47,1
19146,1,3,False,3,110,47,0
15743,1,3,False,3,100,48,2
19243,1,3,False,3,110,48,3
19243,1,3,False,3,90,48,1
15653,1,3,False,3,100,49,3
15653,1,3,False,3,110,49,3
15653,1,3,False,3,100,49,2
15653,1,3,False,3,90,49,1
18993,1,3,False,3,110,49,0
15664,1,3,False,3,100,50,3
15664,1,3,False,3,100,50,2
15664,1,3,False,3,110,50,3
15664,1,3,False,3,110,50,0
15664,1,3,False,3,90,50,1
15653,1,3,False,3,110,51,3
15653,1,3,False,3,100,51,2
15653,1,3,False,3,90,51,1
15743,1,3,False,3,90,52,1
15743,1,3,False,3,100,52,3
15743,1,3,False,3,100,52,2
15743,1,3,False,3,110,52,3
15743,1,3,False,3,110,52,0
15664,1,3,False,3,100,53,3
15664,1,3,False,3,100,53,2
15664,1,3,False,3,110,53,0
15664,1,3,False,3,90,53,1
15664,1,3,False,3,110,54,3
19146,1,3,False,3,100,54,2
15664,1,3,False,3,100,54,3
19146,1,3,False,3,110,54,0
19146,1,3,False,3,90,54,1
15664,1,3,False,3,100,55,2
19146,1,3,False,3,110,55,3
19146,1,3,False,3,90,55,1
15664,1,3,False,3,100,56,3
15664,1,3,False,3,100,56,2
15664,1,3,False,3,110,56,0
15664,1,3,False,3,110,56,3
15664,1,3,False,3,90,56,1
15743,1,3,False,3,100,57,3
15743,1,3,False,3,110,57,3
15743,1,3,False,3,110,57,0
15743,1,3,False,3,100,57,2
15743,1,3,False,3,90,57,1
15664,1,3,False,3,110,58,3
15653,1,3,False,3,100,58,2
15664,1,3,False,3,100,59,3
15664,1,3,False,3,100,59,2
15664,1,3,False,3,110,59,0
15664,1,3,False,3,110,59,3
15664,1,3,False,3,90,59,1
15743,1,3,False,3,110,60,3
15743,1,3,False,3,100,60,2
15743,1,3,False,3,90,60,1
15743,1,3,False,3,110,60,0
15743,1,3,False,3,100,60,3
15743,1,3,False,3,100,61,3
19243,1,3,False,3,100,61,2
15664,1,3,False,3,110,61,3
19146,1,3,False,3,110,61,0
19146,1,3,False,3,90,61,1
15664,1,3,False,3,110,62,3
15664,1,3,False,3,100,62,2
19146,1,3,False,3,90,62,1
15664,1,3,False,3,90,63,1
15664,1,3,False,3,100,63,3
15664,1,3,False,3,100,63,2
15664,1,3,False,3,110,63,0
15664,1,3,False,3,110,63,3
15743,1,3,False,3,100,64,3
15743,1,3,False,3,110,64,0
15743,1,3,False,3,90,64,1
15743,1,3,False,3,100,64,2
15743,1,3,False,3,110,64,3
15743,1,3,False,3,110,65,3
15743,1,3,False,3,100,65,2
15743,1,3,False,3,90,65,1
15664,1,3,False,3,100,66,3
15664,1,3,False,3,100,66,2
15664,1,3,False,3,110,66,0
15664,1,3,False,3,90,66,1
15664,1,3,False,3,110,66,3
15743,1,3,False,3,100,67,3
15743,1,3,False,3,100,67,2
15743,1,3,False,3,110,67,3
15743,1,3,False,3,90,67,1
15743,1,3,False,3,110,68,3
19243,1,3,False,3,100,68,2
19243,1,3,False,3,90,68,1
19243,1,3,False,3,100,68,3
19243,1,3,False,3,110,68,0
15664,1,3,False,3,110,69,3
15664,1,3,False,3,100,69,2
19146,1,3,False,3,90,69,1
15664,1,3,False,3,100,70,3
15664,1,3,False,3,110,70,3
15664,1,3,False,3,110,70,0
15664,1,3,False,3,100,70,2
15743,1,3,False,3,110,71,3
15743,1,3,False,3,100,71,2
15743,1,3,False,3,90,71,1
15743,1,3,False,3,110,71,0
15743,1,3,False,3,100,71,3
15664,1,3,False,3,110,72,3
15664,1,3,False,3,100,72,2
16001,1,3,False,3,100,73,3
16001,1,3,False,3,100,73,2
16001,1,3,False,3,110,73,0
16001,1,3,False,3,110,73,3
15664,1,3,False,3,100,74,3
15664,1,3,False,3,100,74,2
15664,1,3,False,3,110,74,0
15664,1,3,False,3,110,74,3
15664,1,3,False,3,100,75,3
19146,1,3,False,3,100,75,2
15664,1,3,False,3,110,75,3
19146,1,3,False,3,110,75,0
19146,1,3,False,3,90,75,1
