Price,From,To,curr_date,departure_date,arrival_date,is_holiday,is_weekends,time_interval,avialine,duration
15711,Астана,Алматы,2024-12-17,2024-12-17 22:10,2024-12-18 00:05,False,False,22:10-00:05,SCAT,115
18511,Астана,Алматы,2024-12-17,2024-12-17 00:15,2024-12-17 02:00,False,False,00:15-02:00,FlyArystan,105
24871,Астана,Алматы,2024-12-17,2024-12-17 12:25,2024-12-17 14:15,False,False,12:25-14:15,FlyArystan,110
24871,Астана,Алматы,2024-12-17,2024-12-17 19:05,2024-12-17 20:50,False,False,19:05-20:50,FlyArystan,105
24871,Астана,Алматы,2024-12-17,2024-12-17 21:20,2024-12-17 23:15,False,False,21:20-23:15,FlyArystan,115
25627,Астана,Алматы,2024-12-17,2024-12-17 19:25,2024-12-17 21:15,False,False,19:25-21:15,Air Astana,110
25627,Астана,Алматы,2024-12-17,2024-12-17 22:20,2024-12-18 00:15,False,False,22:20-00:15,Air Astana,115
26243,Астана,Алматы,2024-12-17,2024-12-17 19:10,2024-12-17 20:35,False,False,19:10-20:35,SCAT,85
28296,Астана,Алматы,2024-12-17,2024-12-17 20:40,2024-12-17 22:25,False,False,20:40-22:25,Air Astana,105
21356,Астана,Алматы,2024-12-15,2024-12-18 02:05,2024-12-18 03:55,False,False,02:05-03:55,Air Astana,110
20743,Астана,Алматы,2024-12-15,2024-12-18 22:10,2024-12-19 00:05,False,False,22:10-00:05,SCAT,115
21356,Астана,Алматы,2024-12-15,2024-12-18 16:10,2024-12-18 17:55,False,False,16:10-17:55,Air Astana,105
21356,Астана,Алматы,2024-12-15,2024-12-18 18:00,2024-12-18 19:50,False,False,18:00-19:50,Air Astana,110
21356,Астана,Алматы,2024-12-15,2024-12-18 22:20,2024-12-19 00:15,False,False,22:20-00:15,Air Astana,115
21356,Астана,Алматы,2024-12-15,2024-12-18 17:15,2024-12-18 18:50,False,False,17:15-18:50,Air Astana,95
20643,Астана,Алматы,2024-12-15,2024-12-18 19:10,2024-12-18 20:35,False,False,19:10-20:35,SCAT,85
22743,Астана,Алматы,2024-12-15,2024-12-18 12:05,2024-12-18 13:45,False,False,12:05-13:45,SCAT,100
22743,Астана,Алматы,2024-12-15,2024-12-18 14:55,2024-12-18 16:25,False,False,14:55-16:25,SCAT,90
21356,Астана,Алматы,2024-12-15,2024-12-19 02:05,2024-12-19 03:55,False,False,02:05-03:55,Air Astana,110
22743,Астана,Алматы,2024-12-15,2024-12-19 10:50,2024-12-19 12:30,False,False,10:50-12:30,SCAT,100
22743,Астана,Алматы,2024-12-15,2024-12-19 20:30,2024-12-19 22:30,False,False,20:30-22:30,SCAT,100
22743,Астана,Алматы,2024-12-15,2024-12-19 19:30,2024-12-19 21:10,False,False,19:30-21:10,SCAT,100
22743,Астана,Алматы,2024-12-15,2024-12-19 05:30,2024-12-19 07:15,False,False,05:30-07:15,SCAT,105
22743,Астана,Алматы,2024-12-15,2024-12-19 05:15,2024-12-19 06:55,False,False,05:15-06:55,SCAT,100
22743,Астана,Алматы,2024-12-15,2024-12-19 22:10,2024-12-20 00:05,False,False,22:10-00:05,SCAT,115
25213,Астана,Алматы,2024-12-15,2024-12-19 05:50,2024-12-19 08:00,False,False,05:50-08:00,Qazaq Air,130
25627,Астана,Алматы,2024-12-15,2024-12-19 10:45,2024-12-19 12:35,False,False,10:45-12:35,Air Astana,110
25627,Астана,Алматы,2024-12-15,2024-12-19 07:10,2024-12-19 09:00,False,False,07:10-09:00,Air Astana,110
25627,Астана,Алматы,2024-12-15,2024-12-20 02:05,2024-12-20 03:55,False,False,02:05-03:55,Air Astana,110
26243,Астана,Алматы,2024-12-15,2024-12-20 10:50,2024-12-20 12:30,False,False,10:50-12:30,SCAT,100
29898,Астана,Алматы,2024-12-15,2024-12-20 20:40,2024-12-20 22:25,False,False,20:40-22:25,Air Astana,105
26243,Астана,Алматы,2024-12-15,2024-12-20 14:55,2024-12-20 16:25,False,False,14:55-16:25,SCAT,90
26243,Астана,Алматы,2024-12-15,2024-12-20 12:05,2024-12-20 13:45,False,False,12:05-13:45,SCAT,100
26243,Астана,Алматы,2024-12-15,2024-12-20 22:10,2024-12-21 00:05,False,False,22:10-00:05,SCAT,115
26243,Астана,Алматы,2024-12-15,2024-12-20 19:10,2024-12-20 20:35,False,False,19:10-20:35,SCAT,85
26243,Астана,Алматы,2024-12-15,2024-12-20 05:30,2024-12-20 07:15,False,False,05:30-07:15,SCAT,105
26243,Астана,Алматы,2024-12-15,2024-12-20 20:00,2024-12-20 21:25,False,False,20:00-21:25,SCAT,85
27536,Астана,Алматы,2024-12-15,2024-12-20 05:50,2024-12-20 08:00,False,False,05:50-08:00,Qazaq Air,130
21356,Астана,Алматы,2024-12-15,2024-12-21 22:20,2024-12-22 00:15,False,True,22:20-00:15,Air Astana,115
29743,Астана,Алматы,2024-12-15,2024-12-21 10:50,2024-12-21 12:30,False,True,10:50-12:30,SCAT,100
25627,Астана,Алматы,2024-12-15,2024-12-21 16:10,2024-12-21 17:55,False,True,16:10-17:55,Air Astana,105
25693,Астана,Алматы,2024-12-15,2024-12-21 21:55,2024-12-21 23:40,False,True,21:55-23:40,FlyArystan,105
26243,Астана,Алматы,2024-12-15,2024-12-21 05:30,2024-12-21 07:15,False,True,05:30-07:15,SCAT,105
26243,Астана,Алматы,2024-12-15,2024-12-21 19:10,2024-12-21 20:35,False,True,19:10-20:35,SCAT,85
26243,Астана,Алматы,2024-12-15,2024-12-21 12:05,2024-12-21 13:45,False,True,12:05-13:45,SCAT,100
26243,Астана,Алматы,2024-12-15,2024-12-21 22:10,2024-12-22 00:05,False,True,22:10-00:05,SCAT,115
28558,Астана,Алматы,2024-12-15,2024-12-21 05:50,2024-12-21 08:00,False,True,05:50-08:00,Qazaq Air,130
29743,Астана,Алматы,2024-12-15,2024-12-21 14:55,2024-12-21 16:25,False,True,14:55-16:25,SCAT,90
16443,Астана,Алматы,2024-12-15,2024-12-22 19:10,2024-12-22 20:35,False,True,19:10-20:35,SCAT,85
17143,Астана,Алматы,2024-12-15,2024-12-22 10:50,2024-12-22 12:30,False,True,10:50-12:30,SCAT,100
17143,Астана,Алматы,2024-12-15,2024-12-22 22:10,2024-12-23 00:05,False,True,22:10-00:05,SCAT,115
19243,Астана,Алматы,2024-12-15,2024-12-22 12:05,2024-12-22 13:45,False,True,12:05-13:45,SCAT,100
19243,Астана,Алматы,2024-12-15,2024-12-22 13:40,2024-12-22 15:35,False,True,13:40-15:35,SCAT,115
19243,Астана,Алматы,2024-12-15,2024-12-22 05:30,2024-12-22 07:15,False,True,05:30-07:15,SCAT,105
19243,Астана,Алматы,2024-12-15,2024-12-22 14:20,2024-12-22 16:00,False,True,14:20-16:00,SCAT,100
19243,Астана,Алматы,2024-12-15,2024-12-22 21:00,2024-12-22 23:00,False,True,21:00-23:00,SCAT,100
19243,Астана,Алматы,2024-12-15,2024-12-22 14:55,2024-12-22 16:25,False,True,14:55-16:25,SCAT,90
21356,Астана,Алматы,2024-12-15,2024-12-22 22:20,2024-12-23 00:15,False,True,22:20-00:15,Air Astana,115
16443,Астана,Алматы,2024-12-15,2024-12-23 10:50,2024-12-23 12:30,False,False,10:50-12:30,SCAT,100
17143,Астана,Алматы,2024-12-15,2024-12-23 22:10,2024-12-24 00:05,False,False,22:10-00:05,SCAT,115
16443,Астана,Алматы,2024-12-15,2024-12-23 19:10,2024-12-23 20:35,False,False,19:10-20:35,SCAT,85
17085,Астана,Алматы,2024-12-15,2024-12-23 14:40,2024-12-23 16:35,False,False,14:40-16:35,Air Astana,115
17085,Астана,Алматы,2024-12-15,2024-12-23 02:05,2024-12-23 03:55,False,False,02:05-03:55,Air Astana,110
19243,Астана,Алматы,2024-12-15,2024-12-23 12:05,2024-12-23 13:45,False,False,12:05-13:45,SCAT,100
19243,Астана,Алматы,2024-12-15,2024-12-23 05:30,2024-12-23 07:15,False,False,05:30-07:15,SCAT,105
19243,Астана,Алматы,2024-12-15,2024-12-23 14:55,2024-12-23 16:25,False,False,14:55-16:25,SCAT,90
21356,Астана,Алматы,2024-12-15,2024-12-23 18:00,2024-12-23 19:50,False,False,18:00-19:50,Air Astana,110
21356,Астана,Алматы,2024-12-15,2024-12-23 07:10,2024-12-23 09:00,False,False,07:10-09:00,Air Astana,110
15243,Астана,Алматы,2024-12-15,2024-12-24 19:10,2024-12-24 20:35,False,False,19:10-20:35,SCAT,85
15243,Астана,Алматы,2024-12-15,2024-12-24 10:50,2024-12-24 12:30,False,False,10:50-12:30,SCAT,100
15243,Астана,Алматы,2024-12-15,2024-12-24 22:10,2024-12-25 00:05,False,False,22:10-00:05,SCAT,115
15743,Астана,Алматы,2024-12-15,2024-12-24 20:00,2024-12-24 22:00,False,False,20:00-22:00,SCAT,115
15743,Астана,Алматы,2024-12-15,2024-12-24 05:30,2024-12-24 07:15,False,False,05:30-07:15,SCAT,105
17085,Астана,Алматы,2024-12-15,2024-12-24 22:20,2024-12-25 00:15,False,False,22:20-00:15,Air Astana,115
17085,Астана,Алматы,2024-12-15,2024-12-24 02:05,2024-12-24 03:55,False,False,02:05-03:55,Air Astana,110
19243,Астана,Алматы,2024-12-15,2024-12-24 13:15,2024-12-24 15:05,False,False,13:15-15:05,SCAT,110
19243,Астана,Алматы,2024-12-15,2024-12-24 14:55,2024-12-24 16:25,False,False,14:55-16:25,SCAT,90
21356,Астана,Алматы,2024-12-15,2024-12-24 16:10,2024-12-24 17:55,False,False,16:10-17:55,Air Astana,105
16443,Астана,Алматы,2024-12-15,2024-12-25 22:10,2024-12-26 00:05,False,False,22:10-00:05,SCAT,115
16443,Астана,Алматы,2024-12-15,2024-12-25 10:50,2024-12-25 12:30,False,False,10:50-12:30,SCAT,100
16443,Астана,Алматы,2024-12-15,2024-12-25 19:10,2024-12-25 20:35,False,False,19:10-20:35,SCAT,85
19243,Астана,Алматы,2024-12-15,2024-12-25 05:30,2024-12-25 07:15,False,False,05:30-07:15,SCAT,105
19243,Астана,Алматы,2024-12-15,2024-12-25 12:05,2024-12-25 13:45,False,False,12:05-13:45,SCAT,100
21356,Астана,Алматы,2024-12-15,2024-12-25 07:10,2024-12-25 09:00,False,False,07:10-09:00,Air Astana,110
22272,Астана,Алматы,2024-12-15,2024-12-25 05:50,2024-12-25 08:00,False,False,05:50-08:00,Qazaq Air,130
22743,Астана,Алматы,2024-12-15,2024-12-25 14:55,2024-12-25 16:25,False,False,14:55-16:25,SCAT,90
24871,Астана,Алматы,2024-12-15,2024-12-25 00:15,2024-12-25 02:00,False,False,00:15-02:00,FlyArystan,105
25627,Астана,Алматы,2024-12-15,2024-12-25 14:40,2024-12-25 16:35,False,False,14:40-16:35,Air Astana,115
26941,Астана,Алматы,2024-12-15,2024-12-26 19:10,2024-12-26 20:35,False,False,19:10-20:35,SCAT,85
27841,Астана,Алматы,2024-12-15,2024-12-26 10:50,2024-12-26 12:30,False,False,10:50-12:30,SCAT,100
26941,Астана,Алматы,2024-12-15,2024-12-26 22:10,2024-12-27 00:05,False,False,22:10-00:05,SCAT,115
29641,Астана,Алматы,2024-12-15,2024-12-26 19:05,2024-12-26 20:50,False,False,19:05-20:50,FlyArystan,105
29743,Астана,Алматы,2024-12-15,2024-12-26 05:30,2024-12-26 07:15,False,False,05:30-07:15,SCAT,105
29743,Астана,Алматы,2024-12-15,2024-12-26 19:30,2024-12-26 21:10,False,False,19:30-21:10,SCAT,100
29898,Астана,Алматы,2024-12-15,2024-12-26 08:45,2024-12-26 10:30,False,False,08:45-10:30,Air Astana,105
29898,Астана,Алматы,2024-12-15,2024-12-26 16:10,2024-12-26 17:55,False,False,16:10-17:55,Air Astana,105
29898,Астана,Алматы,2024-12-15,2024-12-26 20:40,2024-12-26 22:25,False,False,20:40-22:25,Air Astana,105
29898,Астана,Алматы,2024-12-15,2024-12-26 02:05,2024-12-26 03:55,False,False,02:05-03:55,Air Astana,110
29898,Астана,Алматы,2024-12-15,2024-12-27 07:10,2024-12-27 09:00,False,False,07:10-09:00,Air Astana,110
30778,Астана,Алматы,2024-12-15,2024-12-27 22:10,2024-12-28 00:05,False,False,22:10-00:05,SCAT,115
30778,Астана,Алматы,2024-12-15,2024-12-27 10:50,2024-12-27 12:30,False,False,10:50-12:30,SCAT,100
31078,Астана,Алматы,2024-12-15,2024-12-27 19:10,2024-12-27 20:35,False,False,19:10-20:35,SCAT,85
31831,Астана,Алматы,2024-12-15,2024-12-27 08:45,2024-12-27 10:30,False,False,08:45-10:30,Air Astana,105
33743,Астана,Алматы,2024-12-15,2024-12-27 05:30,2024-12-27 07:15,False,False,05:30-07:15,SCAT,105
34633,Астана,Алматы,2024-12-15,2024-12-27 05:50,2024-12-27 08:00,False,False,05:50-08:00,Qazaq Air,130
34941,Астана,Алматы,2024-12-15,2024-12-27 09:05,2024-12-27 11:00,False,False,09:05-11:00,FlyArystan,115
37743,Астана,Алматы,2024-12-15,2024-12-27 12:05,2024-12-27 13:45,False,False,12:05-13:45,SCAT,100
30123,Астана,Алматы,2024-12-15,2024-12-28 19:10,2024-12-28 20:35,False,True,19:10-20:35,SCAT,85
30523,Астана,Алматы,2024-12-15,2024-12-28 22:10,2024-12-29 00:05,False,True,22:10-00:05,SCAT,115
37743,Астана,Алматы,2024-12-15,2024-12-28 18:05,2024-12-28 19:45,False,True,18:05-19:45,SCAT,100
40241,Астана,Алматы,2024-12-15,2024-12-28 00:55,2024-12-28 02:55,False,True,00:55-02:55,FlyArystan,100
45743,Астана,Алматы,2024-12-15,2024-12-28 12:05,2024-12-28 13:45,False,True,12:05-13:45,SCAT,100
49251,Астана,Алматы,2024-12-15,2024-12-28 06:00,2024-12-28 07:55,False,True,06:00-07:55,FlyArystan,115
53679,Астана,Алматы,2024-12-15,2024-12-28 09:05,2024-12-28 11:00,False,True,09:05-11:00,FlyArystan,115
53679,Астана,Алматы,2024-12-15,2024-12-28 00:15,2024-12-28 02:10,False,True,00:15-02:10,FlyArystan,115
27643,Астана,Алматы,2024-12-15,2024-12-29 22:10,2024-12-30 00:05,False,True,22:10-00:05,SCAT,115
37743,Астана,Алматы,2024-12-15,2024-12-29 10:50,2024-12-29 12:30,False,True,10:50-12:30,SCAT,100
27643,Астана,Алматы,2024-12-15,2024-12-29 19:10,2024-12-29 20:35,False,True,19:10-20:35,SCAT,85
29898,Астана,Алматы,2024-12-15,2024-12-29 22:20,2024-12-30 00:15,False,True,22:20-00:15,Air Astana,115
29898,Астана,Алматы,2024-12-15,2024-12-29 02:05,2024-12-29 03:55,False,True,02:05-03:55,Air Astana,110
29898,Астана,Алматы,2024-12-15,2024-12-29 19:25,2024-12-29 21:15,False,True,19:25-21:15,Air Astana,110
31388,Астана,Алматы,2024-12-15,2024-12-29 05:30,2024-12-29 07:15,False,True,05:30-07:15,SCAT,105
31388,Астана,Алматы,2024-12-15,2024-12-29 20:20,2024-12-29 22:00,False,True,20:20-22:00,SCAT,100
33743,Астана,Алматы,2024-12-15,2024-12-29 18:20,2024-12-29 20:05,False,True,18:20-20:05,SCAT,105
34633,Астана,Алматы,2024-12-15,2024-12-29 05:50,2024-12-29 08:00,False,True,05:50-08:00,Qazaq Air,130
31643,Астана,Алматы,2024-12-15,2024-12-30 10:50,2024-12-30 12:30,False,False,10:50-12:30,SCAT,100
31643,Астана,Алматы,2024-12-15,2024-12-30 22:10,2024-12-31 00:05,False,False,22:10-00:05,SCAT,115
33743,Астана,Алматы,2024-12-15,2024-12-30 05:30,2024-12-30 07:15,False,False,05:30-07:15,SCAT,105
34633,Астана,Алматы,2024-12-15,2024-12-30 05:50,2024-12-30 08:00,False,False,05:50-08:00,Qazaq Air,130
37743,Астана,Алматы,2024-12-15,2024-12-30 19:50,2024-12-30 21:25,False,False,19:50-21:25,SCAT,95
37743,Астана,Алматы,2024-12-15,2024-12-30 14:55,2024-12-30 16:25,False,False,14:55-16:25,SCAT,90
41743,Астана,Алматы,2024-12-15,2024-12-30 12:05,2024-12-30 13:45,False,False,12:05-13:45,SCAT,100
41743,Астана,Алматы,2024-12-15,2024-12-30 19:10,2024-12-30 20:35,False,False,19:10-20:35,SCAT,85
53679,Астана,Алматы,2024-12-15,2024-12-30 06:00,2024-12-30 07:55,False,False,06:00-07:55,FlyArystan,115
53679,Астана,Алматы,2024-12-15,2024-12-30 19:05,2024-12-30 20:50,False,False,19:05-20:50,FlyArystan,105
29898,Астана,Алматы,2024-12-15,2024-12-31 02:05,2024-12-31 03:55,False,False,02:05-03:55,Air Astana,110
37743,Астана,Алматы,2024-12-15,2024-12-31 10:50,2024-12-31 12:30,False,False,10:50-12:30,SCAT,100
33743,Астана,Алматы,2024-12-15,2024-12-31 22:10,2025-01-01 00:05,False,False,22:10-00:05,SCAT,115
33743,Астана,Алматы,2024-12-15,2024-12-31 05:30,2024-12-31 07:15,False,False,05:30-07:15,SCAT,105
37743,Астана,Алматы,2024-12-15,2024-12-31 12:20,2024-12-31 14:00,False,False,12:20-14:00,SCAT,100
38584,Астана,Алматы,2024-12-15,2024-12-31 05:50,2024-12-31 08:00,False,False,05:50-08:00,Qazaq Air,130
41743,Астана,Алматы,2024-12-15,2024-12-31 19:20,2024-12-31 21:00,False,False,19:20-21:00,SCAT,100
54030,Астана,Алматы,2024-12-15,2024-12-31 00:15,2024-12-31 02:00,False,False,00:15-02:00,FlyArystan,105
54030,Астана,Алматы,2024-12-15,2024-12-31 19:05,2024-12-31 20:50,False,False,19:05-20:50,FlyArystan,105
54030,Астана,Алматы,2024-12-15,2024-12-31 12:25,2024-12-31 14:15,False,False,12:25-14:15,FlyArystan,110
32831,Астана,Алматы,2024-12-15,2025-01-01 05:30,2025-01-01 07:15,True,False,05:30-07:15,SCAT,105
43864,Астана,Алматы,2024-12-15,2025-01-01 09:55,2025-01-01 11:40,True,False,09:55-11:40,Air Astana,105
38631,Астана,Алматы,2024-12-15,2025-01-01 20:40,2025-01-01 22:25,True,False,20:40-22:25,Air Astana,105
36645,Астана,Алматы,2024-12-15,2025-01-01 14:55,2025-01-01 16:25,True,False,14:55-16:25,SCAT,90
36645,Астана,Алматы,2024-12-15,2025-01-01 22:10,2025-01-02 00:05,True,False,22:10-00:05,SCAT,115
36645,Астана,Алматы,2024-12-15,2025-01-01 12:05,2025-01-01 13:45,True,False,12:05-13:45,SCAT,100
36645,Астана,Алматы,2024-12-15,2025-01-01 19:10,2025-01-01 20:35,True,False,19:10-20:35,SCAT,85
38631,Астана,Алматы,2024-12-15,2025-01-01 22:20,2025-01-02 00:15,True,False,22:20-00:15,Air Astana,115
26243,Астана,Алматы,2024-12-15,2025-01-02 21:05,2025-01-02 22:45,True,False,21:05-22:45,SCAT,100
41743,Астана,Алматы,2024-12-15,2025-01-02 10:50,2025-01-02 12:30,True,False,10:50-12:30,SCAT,100
37743,Астана,Алматы,2024-12-15,2025-01-02 05:30,2025-01-02 07:15,True,False,05:30-07:15,SCAT,105
37743,Астана,Алматы,2024-12-15,2025-01-02 19:10,2025-01-02 20:35,True,False,19:10-20:35,SCAT,85
37743,Астана,Алматы,2024-12-15,2025-01-02 22:10,2025-01-03 00:05,True,False,22:10-00:05,SCAT,115
38631,Астана,Алматы,2024-12-15,2025-01-02 02:05,2025-01-02 03:55,True,False,02:05-03:55,Air Astana,110
38631,Астана,Алматы,2024-12-15,2025-01-02 22:20,2025-01-03 00:15,True,False,22:20-00:15,Air Astana,115
40837,Астана,Алматы,2024-12-15,2025-01-02 06:10,2025-01-02 08:05,True,False,06:10-08:05,FlyArystan,115
41743,Астана,Алматы,2024-12-15,2025-01-02 14:55,2025-01-02 16:25,True,False,14:55-16:25,SCAT,90
25643,Астана,Алматы,2024-12-15,2025-01-03 14:55,2025-01-03 16:25,False,False,14:55-16:25,SCAT,90
25643,Астана,Алматы,2024-12-15,2025-01-03 10:50,2025-01-03 12:30,False,False,10:50-12:30,SCAT,100
25643,Астана,Алматы,2024-12-15,2025-01-03 22:10,2025-01-04 00:05,False,False,22:10-00:05,SCAT,115
25643,Астана,Алматы,2024-12-15,2025-01-03 12:05,2025-01-03 13:45,False,False,12:05-13:45,SCAT,100
25643,Астана,Алматы,2024-12-15,2025-01-03 05:30,2025-01-03 07:15,False,False,05:30-07:15,SCAT,105
25643,Астана,Алматы,2024-12-15,2025-01-03 19:10,2025-01-03 20:35,False,False,19:10-20:35,SCAT,85
26243,Астана,Алматы,2024-12-15,2025-01-03 21:05,2025-01-03 22:45,False,False,21:05-22:45,SCAT,100
26243,Астана,Алматы,2024-12-15,2025-01-03 20:55,2025-01-03 23:00,False,False,20:55-23:00,SCAT,125
42578,Астана,Алматы,2024-12-15,2025-01-03 22:20,2025-01-04 00:15,False,False,22:20-00:15,Air Astana,115
32841,Астана,Алматы,2024-12-15,2025-01-04 10:50,2025-01-04 12:30,False,True,10:50-12:30,SCAT,100
45052,Астана,Алматы,2024-12-15,2025-01-04 20:40,2025-01-04 22:30,False,True,20:40-22:30,Air Astana,110
32841,Астана,Алматы,2024-12-15,2025-01-04 05:30,2025-01-04 07:15,False,True,05:30-07:15,SCAT,105
32841,Астана,Алматы,2024-12-15,2025-01-04 12:05,2025-01-04 13:45,False,True,12:05-13:45,SCAT,100
34941,Астана,Алматы,2024-12-15,2025-01-04 23:30,2025-01-05 01:20,False,True,23:30-01:20,FlyArystan,110
37743,Астана,Алматы,2024-12-15,2025-01-04 22:10,2025-01-05 00:05,False,True,22:10-00:05,SCAT,115
42578,Астана,Алматы,2024-12-15,2025-01-04 08:45,2025-01-04 10:30,False,True,08:45-10:30,Air Astana,105
43713,Астана,Алматы,2024-12-15,2025-01-04 16:10,2025-01-04 17:55,False,True,16:10-17:55,Air Astana,105
43713,Астана,Алматы,2024-12-15,2025-01-04 09:55,2025-01-04 11:40,False,True,09:55-11:40,Air Astana,105
22743,Астана,Алматы,2024-12-15,2025-01-05 19:55,2025-01-05 21:55,False,True,19:55-21:55,SCAT,105
25643,Астана,Алматы,2024-12-15,2025-01-05 10:50,2025-01-05 12:30,False,True,10:50-12:30,SCAT,100
25643,Астана,Алматы,2024-12-15,2025-01-05 22:10,2025-01-06 00:05,False,True,22:10-00:05,SCAT,115
29743,Астана,Алматы,2024-12-15,2025-01-05 02:50,2025-01-05 04:45,False,True,02:50-04:45,SCAT,115
25643,Астана,Алматы,2024-12-15,2025-01-05 05:30,2025-01-05 07:15,False,True,05:30-07:15,SCAT,105
25643,Астана,Алматы,2024-12-15,2025-01-05 12:05,2025-01-05 13:45,False,True,12:05-13:45,SCAT,100
34633,Астана,Алматы,2024-12-15,2025-01-05 05:50,2025-01-05 08:00,False,True,05:50-08:00,Qazaq Air,130
25643,Астана,Алматы,2024-12-15,2025-01-05 19:10,2025-01-05 20:35,False,True,19:10-20:35,SCAT,85
25643,Астана,Алматы,2024-12-15,2025-01-05 14:55,2025-01-05 16:25,False,True,14:55-16:25,SCAT,90
38631,Астана,Алматы,2024-12-15,2025-01-05 22:20,2025-01-06 00:15,False,True,22:20-00:15,Air Astana,115
19243,Астана,Алматы,2024-12-15,2025-01-06 20:00,2025-01-06 21:40,False,False,20:00-21:40,SCAT,100
25643,Астана,Алматы,2024-12-15,2025-01-06 10:50,2025-01-06 12:30,False,False,10:50-12:30,SCAT,100
19243,Астана,Алматы,2024-12-15,2025-01-06 22:10,2025-01-07 00:05,False,False,22:10-00:05,SCAT,115
22743,Астана,Алматы,2024-12-15,2025-01-06 12:05,2025-01-06 13:45,False,False,12:05-13:45,SCAT,100
22743,Астана,Алматы,2024-12-15,2025-01-06 14:55,2025-01-06 16:25,False,False,14:55-16:25,SCAT,90
22743,Астана,Алматы,2024-12-15,2025-01-06 05:30,2025-01-06 07:15,False,False,05:30-07:15,SCAT,105
24871,Астана,Алматы,2024-12-15,2025-01-06 19:05,2025-01-06 20:50,False,False,19:05-20:50,FlyArystan,105
25362,Астана,Алматы,2024-12-15,2025-01-06 05:50,2025-01-06 08:00,False,False,05:50-08:00,Qazaq Air,130
25643,Астана,Алматы,2024-12-15,2025-01-06 19:10,2025-01-06 20:35,False,False,19:10-20:35,SCAT,85
28578,Астана,Алматы,2024-12-15,2025-01-06 14:40,2025-01-06 16:35,False,False,14:40-16:35,Air Astana,115
15743,Астана,Алматы,2024-12-15,2025-01-07 20:00,2025-01-07 21:40,True,False,20:00-21:40,SCAT,100
24578,Астана,Алматы,2024-12-15,2025-01-07 10:45,2025-01-07 12:35,True,False,10:45-12:35,Air Astana,110
19243,Астана,Алматы,2024-12-15,2025-01-07 22:10,2025-01-08 00:05,True,False,22:10-00:05,SCAT,115
19243,Астана,Алматы,2024-12-15,2025-01-07 05:30,2025-01-07 07:15,True,False,05:30-07:15,SCAT,105
22272,Астана,Алматы,2024-12-15,2025-01-07 05:50,2025-01-07 08:00,True,False,05:50-08:00,Qazaq Air,130
22743,Астана,Алматы,2024-12-15,2025-01-07 19:10,2025-01-07 20:35,True,False,19:10-20:35,SCAT,85
24578,Астана,Алматы,2024-12-15,2025-01-07 14:40,2025-01-07 16:35,True,False,14:40-16:35,Air Astana,115
24578,Астана,Алматы,2024-12-15,2025-01-07 20:40,2025-01-07 22:25,True,False,20:40-22:25,Air Astana,105
24578,Астана,Алматы,2024-12-15,2025-01-07 22:20,2025-01-08 00:15,True,False,22:20-00:15,Air Astana,115
24578,Астана,Алматы,2024-12-15,2025-01-07 02:05,2025-01-07 03:55,True,False,02:05-03:55,Air Astana,110
15743,Астана,Алматы,2024-12-15,2025-01-08 22:10,2025-01-09 00:05,False,False,22:10-00:05,SCAT,115
19243,Астана,Алматы,2024-12-15,2025-01-08 10:50,2025-01-08 12:30,False,False,10:50-12:30,SCAT,100
18511,Астана,Алматы,2024-12-15,2025-01-08 00:45,2025-01-08 02:45,False,False,00:45-02:45,FlyArystan,100
19243,Астана,Алматы,2024-12-15,2025-01-08 05:30,2025-01-08 07:15,False,False,05:30-07:15,SCAT,105
19243,Астана,Алматы,2024-12-15,2025-01-08 12:05,2025-01-08 13:45,False,False,12:05-13:45,SCAT,100
19243,Астана,Алматы,2024-12-15,2025-01-08 19:10,2025-01-08 20:35,False,False,19:10-20:35,SCAT,85
19243,Астана,Алматы,2024-12-15,2025-01-08 14:55,2025-01-08 16:25,False,False,14:55-16:25,SCAT,90
20578,Астана,Алматы,2024-12-15,2025-01-08 02:05,2025-01-08 03:55,False,False,02:05-03:55,Air Astana,110
21691,Астана,Алматы,2024-12-15,2025-01-08 21:25,2025-01-08 23:15,False,False,21:25-23:15,FlyArystan,110
22272,Астана,Алматы,2024-12-15,2025-01-08 05:50,2025-01-08 08:00,False,False,05:50-08:00,Qazaq Air,130
15743,Астана,Алматы,2024-12-15,2025-01-09 21:05,2025-01-09 22:45,False,False,21:05-22:45,SCAT,100
19243,Астана,Алматы,2024-12-15,2025-01-09 10:50,2025-01-09 12:30,False,False,10:50-12:30,SCAT,100
15743,Астана,Алматы,2024-12-15,2025-01-09 05:30,2025-01-09 07:15,False,False,05:30-07:15,SCAT,105
19243,Астана,Алматы,2024-12-15,2025-01-09 14:55,2025-01-09 16:25,False,False,14:55-16:25,SCAT,90
19243,Астана,Алматы,2024-12-15,2025-01-09 19:10,2025-01-09 20:35,False,False,19:10-20:35,SCAT,85
19243,Астана,Алматы,2024-12-15,2025-01-09 22:10,2025-01-10 00:05,False,False,22:10-00:05,SCAT,115
20578,Астана,Алматы,2024-12-15,2025-01-09 02:05,2025-01-09 03:55,False,False,02:05-03:55,Air Astana,110
21691,Астана,Алматы,2024-12-15,2025-01-09 19:05,2025-01-09 20:50,False,False,19:05-20:50,FlyArystan,105
22272,Астана,Алматы,2024-12-15,2025-01-09 05:50,2025-01-09 08:00,False,False,05:50-08:00,Qazaq Air,130
24578,Астана,Алматы,2024-12-15,2025-01-09 07:10,2025-01-09 09:00,False,False,07:10-09:00,Air Astana,110
19243,Астана,Алматы,2024-12-15,2025-01-10 12:05,2025-01-10 13:45,False,False,12:05-13:45,SCAT,100
20576,Астана,Алматы,2024-12-15,2025-01-10 10:50,2025-01-10 12:30,False,False,10:50-12:30,SCAT,100
22743,Астана,Алматы,2024-12-15,2025-01-10 22:10,2025-01-11 00:05,False,False,22:10-00:05,SCAT,115
19243,Астана,Алматы,2024-12-15,2025-01-10 05:30,2025-01-10 07:15,False,False,05:30-07:15,SCAT,105
19243,Астана,Алматы,2024-12-15,2025-01-10 14:55,2025-01-10 16:25,False,False,14:55-16:25,SCAT,90
22272,Астана,Алматы,2024-12-15,2025-01-10 05:50,2025-01-10 08:00,False,False,05:50-08:00,Qazaq Air,130
22743,Астана,Алматы,2024-12-15,2025-01-10 19:10,2025-01-10 20:35,False,False,19:10-20:35,SCAT,85
24578,Астана,Алматы,2024-12-15,2025-01-10 02:05,2025-01-10 03:55,False,False,02:05-03:55,Air Astana,110
28578,Астана,Алматы,2024-12-15,2025-01-10 07:10,2025-01-10 09:00,False,False,07:10-09:00,Air Astana,110
29641,Астана,Алматы,2024-12-15,2025-01-10 09:05,2025-01-10 11:00,False,False,09:05-11:00,FlyArystan,115
18511,Астана,Алматы,2024-12-15,2025-01-11 23:30,2025-01-12 01:20,False,True,23:30-01:20,FlyArystan,110
22743,Астана,Алматы,2024-12-15,2025-01-11 10:50,2025-01-11 12:30,False,True,10:50-12:30,SCAT,100
19243,Астана,Алматы,2024-12-15,2025-01-11 05:30,2025-01-11 07:15,False,True,05:30-07:15,SCAT,105
22743,Астана,Алматы,2024-12-15,2025-01-11 19:10,2025-01-11 20:35,False,True,19:10-20:35,SCAT,85
22743,Астана,Алматы,2024-12-15,2025-01-11 12:05,2025-01-11 13:45,False,True,12:05-13:45,SCAT,100
24871,Астана,Алматы,2024-12-15,2025-01-11 21:55,2025-01-11 23:40,False,True,21:55-23:40,FlyArystan,105
24871,Астана,Алматы,2024-12-15,2025-01-11 00:15,2025-01-11 02:10,False,True,00:15-02:10,FlyArystan,115
25362,Астана,Алматы,2024-12-15,2025-01-11 05:50,2025-01-11 08:00,False,True,05:50-08:00,Qazaq Air,130
29641,Астана,Алматы,2024-12-15,2025-01-11 12:25,2025-01-11 14:15,False,True,12:25-14:15,FlyArystan,110
15657,Астана,Алматы,2024-12-15,2025-01-12 02:50,2025-01-12 04:45,False,True,02:50-04:45,SCAT,115
37578,Астана,Алматы,2024-12-15,2025-01-12 09:55,2025-01-12 11:40,False,True,09:55-11:40,Air Astana,105
29643,Астана,Алматы,2024-12-15,2025-01-12 22:10,2025-01-13 00:05,False,True,22:10-00:05,SCAT,115
15657,Астана,Алматы,2024-12-15,2025-01-12 05:30,2025-01-12 07:15,False,True,05:30-07:15,SCAT,105
18995,Астана,Алматы,2024-12-15,2025-01-12 10:50,2025-01-12 12:30,False,True,10:50-12:30,SCAT,100
21691,Астана,Алматы,2024-12-15,2025-01-12 22:45,2025-01-13 00:45,False,True,22:45-00:45,FlyArystan,100
22272,Астана,Алматы,2024-12-15,2025-01-12 05:50,2025-01-12 08:00,False,True,05:50-08:00,Qazaq Air,130
22334,Астана,Алматы,2024-12-15,2025-01-12 14:55,2025-01-12 16:25,False,True,14:55-16:25,SCAT,90
22334,Астана,Алматы,2024-12-15,2025-01-12 12:05,2025-01-12 13:45,False,True,12:05-13:45,SCAT,100
29641,Астана,Алматы,2024-12-15,2025-01-12 09:05,2025-01-12 11:00,False,True,09:05-11:00,FlyArystan,115
15657,Астана,Алматы,2024-12-15,2025-01-13 12:05,2025-01-13 13:45,False,False,12:05-13:45,SCAT,100
15657,Астана,Алматы,2024-12-15,2025-01-13 10:50,2025-01-13 12:30,False,False,10:50-12:30,SCAT,100
20578,Астана,Алматы,2024-12-15,2025-01-13 19:25,2025-01-13 21:15,False,False,19:25-21:15,Air Astana,110
15657,Астана,Алматы,2024-12-15,2025-01-13 05:30,2025-01-13 07:15,False,False,05:30-07:15,SCAT,105
15657,Астана,Алматы,2024-12-15,2025-01-13 14:55,2025-01-13 16:25,False,False,14:55-16:25,SCAT,90
15657,Астана,Алматы,2024-12-15,2025-01-13 19:10,2025-01-13 20:35,False,False,19:10-20:35,SCAT,85
15657,Астана,Алматы,2024-12-15,2025-01-13 22:10,2025-01-14 00:05,False,False,22:10-00:05,SCAT,115
18511,Астана,Алматы,2024-12-15,2025-01-13 00:45,2025-01-13 02:45,False,False,00:45-02:45,FlyArystan,115
18511,Астана,Алматы,2024-12-15,2025-01-13 06:00,2025-01-13 07:55,False,False,06:00-07:55,FlyArystan,115
18511,Астана,Алматы,2024-12-15,2025-01-13 19:05,2025-01-13 20:50,False,False,19:05-20:50,FlyArystan,105
13577,Астана,Алматы,2024-12-15,2025-01-14 06:00,2025-01-14 07:55,False,False,06:00-07:55,FlyArystan,115
20668,Астана,Алматы,2024-12-15,2025-01-14 10:45,2025-01-14 12:35,False,False,10:45-12:35,Air Astana,110
20668,Астана,Алматы,2024-12-15,2025-01-14 20:40,2025-01-14 22:25,False,False,20:40-22:25,Air Astana,105
13577,Астана,Алматы,2024-12-15,2025-01-14 00:15,2025-01-14 02:00,False,False,00:15-02:00,FlyArystan,105
15743,Астана,Алматы,2024-12-15,2025-01-14 10:50,2025-01-14 12:30,False,False,10:50-12:30,SCAT,100
15743,Астана,Алматы,2024-12-15,2025-01-14 19:10,2025-01-14 20:35,False,False,19:10-20:35,SCAT,85
15743,Астана,Алматы,2024-12-15,2025-01-14 05:30,2025-01-14 07:15,False,False,05:30-07:15,SCAT,105
15830,Астана,Алматы,2024-12-15,2025-01-14 12:25,2025-01-14 14:15,False,False,12:25-14:15,FlyArystan,110
15830,Астана,Алматы,2024-12-15,2025-01-14 19:05,2025-01-14 20:50,False,False,19:05-20:50,FlyArystan,105
12243,Астана,Алматы,2024-12-15,2025-01-15 10:50,2025-01-15 12:30,False,False,10:50-12:30,SCAT,100
15743,Астана,Алматы,2024-12-15,2025-01-15 22:10,2025-01-16 00:05,False,False,22:10-00:05,SCAT,115
12243,Астана,Алматы,2024-12-15,2025-01-15 05:30,2025-01-15 07:15,False,False,05:30-07:15,SCAT,105
13211,Астана,Алматы,2024-12-15,2025-01-15 09:05,2025-01-15 11:00,False,False,09:05-11:00,FlyArystan,115
13211,Астана,Алматы,2024-12-15,2025-01-15 19:05,2025-01-15 20:50,False,False,19:05-20:50,FlyArystan,105
13211,Астана,Алматы,2024-12-15,2025-01-15 00:15,2025-01-15 02:00,False,False,00:15-02:00,FlyArystan,105
13211,Астана,Алматы,2024-12-15,2025-01-15 06:00,2025-01-15 07:55,False,False,06:00-07:55,FlyArystan,115
13211,Астана,Алматы,2024-12-15,2025-01-15 12:25,2025-01-15 14:15,False,False,12:25-14:15,FlyArystan,110
15743,Астана,Алматы,2024-12-15,2025-01-15 14:55,2025-01-15 16:25,False,False,14:55-16:25,SCAT,90
15743,Астана,Алматы,2024-12-15,2025-01-15 19:10,2025-01-15 20:35,False,False,19:10-20:35,SCAT,85
13577,Астана,Алматы,2024-12-15,2025-01-16 00:15,2025-01-16 02:00,False,False,00:15-02:00,FlyArystan,105
15830,Астана,Алматы,2024-12-15,2025-01-16 09:05,2025-01-16 11:00,False,False,09:05-11:00,FlyArystan,115
33124,Астана,Алматы,2024-12-15,2025-01-16 22:20,2025-01-17 00:15,False,False,22:20-00:15,Air Astana,115
15743,Астана,Алматы,2024-12-15,2025-01-16 10:50,2025-01-16 12:30,False,False,10:50-12:30,SCAT,100
15743,Астана,Алматы,2024-12-15,2025-01-16 05:30,2025-01-16 07:15,False,False,05:30-07:15,SCAT,105
15743,Астана,Алматы,2024-12-15,2025-01-16 19:10,2025-01-16 20:35,False,False,19:10-20:35,SCAT,85
15743,Астана,Алматы,2024-12-15,2025-01-16 22:10,2025-01-17 00:05,False,False,22:10-00:05,SCAT,115
15830,Астана,Алматы,2024-12-15,2025-01-16 06:10,2025-01-16 08:05,False,False,06:10-08:05,FlyArystan,115
15830,Астана,Алматы,2024-12-15,2025-01-16 12:25,2025-01-16 14:15,False,False,12:25-14:15,FlyArystan,110
15331,Астана,Алматы,2024-12-15,2025-01-17 06:00,2025-01-17 07:55,False,False,06:00-07:55,FlyArystan,115
18511,Астана,Алматы,2024-12-15,2025-01-17 09:05,2025-01-17 11:00,False,False,09:05-11:00,FlyArystan,115
18995,Астана,Алматы,2024-12-15,2025-01-17 22:10,2025-01-18 00:05,False,False,22:10-00:05,SCAT,115
15331,Астана,Алматы,2024-12-15,2025-01-17 00:15,2025-01-17 02:00,False,False,00:15-02:00,FlyArystan,105
15657,Астана,Алматы,2024-12-15,2025-01-17 05:30,2025-01-17 07:15,False,False,05:30-07:15,SCAT,105
18511,Астана,Алматы,2024-12-15,2025-01-17 12:25,2025-01-17 14:15,False,False,12:25-14:15,FlyArystan,110
18995,Астана,Алматы,2024-12-15,2025-01-17 10:50,2025-01-17 12:30,False,False,10:50-12:30,SCAT,100
18995,Астана,Алматы,2024-12-15,2025-01-17 12:05,2025-01-17 13:45,False,False,12:05-13:45,SCAT,100
18995,Астана,Алматы,2024-12-15,2025-01-17 19:10,2025-01-17 20:35,False,False,19:10-20:35,SCAT,85
19243,Астана,Алматы,2024-12-15,2025-01-18 10:50,2025-01-18 12:30,False,True,10:50-12:30,SCAT,100
15331,Астана,Алматы,2024-12-15,2025-01-18 23:30,2025-01-19 01:20,False,True,23:30-01:20,FlyArystan,110
15331,Астана,Алматы,2024-12-15,2025-01-18 00:55,2025-01-18 02:55,False,True,00:55-02:55,FlyArystan,110
15331,Астана,Алматы,2024-12-15,2025-01-18 00:15,2025-01-18 02:10,False,True,00:15-02:10,FlyArystan,115
19243,Астана,Алматы,2024-12-15,2025-01-18 19:10,2025-01-18 20:35,False,True,19:10-20:35,SCAT,85
19243,Астана,Алматы,2024-12-15,2025-01-18 05:30,2025-01-18 07:15,False,True,05:30-07:15,SCAT,105
19243,Астана,Алматы,2024-12-15,2025-01-18 12:05,2025-01-18 13:45,False,True,12:05-13:45,SCAT,100
18511,Астана,Алматы,2024-12-15,2025-01-18 06:00,2025-01-18 07:55,False,True,06:00-07:55,FlyArystan,115
18511,Астана,Алматы,2024-12-15,2025-01-18 21:55,2025-01-18 23:40,False,True,21:55-23:40,FlyArystan,105
15657,Астана,Алматы,2024-12-15,2025-01-19 02:50,2025-01-19 04:45,False,True,02:50-04:45,SCAT,115
29528,Астана,Алматы,2024-12-15,2025-01-19 09:55,2025-01-19 11:40,False,True,09:55-11:40,Air Astana,105
29528,Астана,Алматы,2024-12-15,2025-01-19 20:40,2025-01-19 22:30,False,True,20:40-22:30,Air Astana,110
15657,Астана,Алматы,2024-12-15,2025-01-19 05:30,2025-01-19 07:15,False,True,05:30-07:15,SCAT,105
15830,Астана,Алматы,2024-12-15,2025-01-19 06:00,2025-01-19 07:55,False,True,06:00-07:55,FlyArystan,115
18995,Астана,Алматы,2024-12-15,2025-01-19 22:10,2025-01-20 00:05,False,True,22:10-00:05,SCAT,115
18995,Астана,Алматы,2024-12-15,2025-01-19 10:50,2025-01-19 12:30,False,True,10:50-12:30,SCAT,100
18995,Астана,Алматы,2024-12-15,2025-01-19 19:10,2025-01-19 20:35,False,True,19:10-20:35,SCAT,85
18995,Астана,Алматы,2024-12-15,2025-01-19 14:55,2025-01-19 16:25,False,True,14:55-16:25,SCAT,90
19290,Астана,Алматы,2024-12-15,2025-01-19 10:40,2025-01-19 12:45,False,True,10:40-12:45,FlyArystan,125
12243,Астана,Алматы,2024-12-15,2025-01-21 10:50,2025-01-21 12:30,False,False,10:50-12:30,SCAT,100
12243,Астана,Алматы,2024-12-15,2025-01-21 22:10,2025-01-22 00:05,False,False,22:10-00:05,SCAT,115
12243,Астана,Алматы,2024-12-15,2025-01-21 05:30,2025-01-21 07:15,False,False,05:30-07:15,SCAT,105
12243,Астана,Алматы,2024-12-15,2025-01-21 19:10,2025-01-21 20:35,False,False,19:10-20:35,SCAT,85
13211,Астана,Алматы,2024-12-15,2025-01-21 19:05,2025-01-21 20:50,False,False,19:05-20:50,FlyArystan,105
13211,Астана,Алматы,2024-12-15,2025-01-21 12:25,2025-01-21 14:15,False,False,12:25-14:15,FlyArystan,110
13211,Астана,Алматы,2024-12-15,2025-01-21 09:05,2025-01-21 11:00,False,False,09:05-11:00,FlyArystan,115
13211,Астана,Алматы,2024-12-15,2025-01-21 00:15,2025-01-21 02:00,False,False,00:15-02:00,FlyArystan,105
13211,Астана,Алматы,2024-12-15,2025-01-21 06:00,2025-01-21 07:55,False,False,06:00-07:55,FlyArystan,115
24578,Астана,Алматы,2024-12-15,2025-01-21 02:05,2025-01-21 03:55,False,False,02:05-03:55,Air Astana,110
12243,Астана,Алматы,2024-12-15,2025-01-23 22:10,2025-01-24 00:05,False,False,22:10-00:05,SCAT,115
12243,Астана,Алматы,2024-12-15,2025-01-23 10:50,2025-01-23 12:30,False,False,10:50-12:30,SCAT,100
12243,Астана,Алматы,2024-12-15,2025-01-23 05:30,2025-01-23 07:15,False,False,05:30-07:15,SCAT,105
14480,Астана,Алматы,2024-12-15,2025-01-23 09:05,2025-01-23 11:00,False,False,09:05-11:00,FlyArystan,115
14480,Астана,Алматы,2024-12-15,2025-01-23 12:25,2025-01-23 14:15,False,False,12:25-14:15,FlyArystan,110
14480,Астана,Алматы,2024-12-15,2025-01-23 06:10,2025-01-23 08:05,False,False,06:10-08:05,FlyArystan,115
14480,Астана,Алматы,2024-12-15,2025-01-23 00:15,2025-01-23 02:00,False,False,00:15-02:00,FlyArystan,105
15743,Астана,Алматы,2024-12-15,2025-01-23 19:10,2025-01-23 20:35,False,False,19:10-20:35,SCAT,85
16219,Астана,Алматы,2024-12-15,2025-01-23 19:05,2025-01-23 20:50,False,False,19:05-20:50,FlyArystan,105
19243,Астана,Алматы,2024-12-15,2025-01-23 14:55,2025-01-23 16:25,False,False,14:55-16:25,SCAT,90
15743,Астана,Алматы,2024-12-15,2025-01-24 10:50,2025-01-24 12:30,False,False,10:50-12:30,SCAT,100
15743,Астана,Алматы,2024-12-15,2025-01-24 22:10,2025-01-25 00:05,False,False,22:10-00:05,SCAT,115
15743,Астана,Алматы,2024-12-15,2025-01-24 05:30,2025-01-24 07:15,False,False,05:30-07:15,SCAT,105
15331,Астана,Алматы,2024-12-15,2025-01-24 12:25,2025-01-24 14:15,False,False,12:25-14:15,FlyArystan,110
15331,Астана,Алматы,2024-12-15,2025-01-24 09:05,2025-01-24 11:00,False,False,09:05-11:00,FlyArystan,115
15331,Астана,Алматы,2024-12-15,2025-01-24 06:00,2025-01-24 07:55,False,False,06:00-07:55,FlyArystan,115
15331,Астана,Алматы,2024-12-15,2025-01-24 00:15,2025-01-24 02:00,False,False,00:15-02:00,FlyArystan,105
19243,Астана,Алматы,2024-12-15,2025-01-24 19:10,2025-01-24 20:35,False,False,19:10-20:35,SCAT,85
15743,Астана,Алматы,2024-12-15,2025-01-24 14:55,2025-01-24 16:25,False,False,14:55-16:25,SCAT,90
12243,Астана,Алматы,2024-12-15,2025-01-25 22:10,2025-01-26 00:05,False,True,22:10-00:05,SCAT,115
24578,Астана,Алматы,2024-12-15,2025-01-25 07:10,2025-01-25 09:00,False,True,07:10-09:00,Air Astana,110
15331,Астана,Алматы,2024-12-15,2025-01-25 23:30,2025-01-26 01:20,False,True,23:30-01:20,FlyArystan,110
15331,Астана,Алматы,2024-12-15,2025-01-25 06:00,2025-01-25 07:55,False,True,06:00-07:55,FlyArystan,115
15331,Астана,Алматы,2024-12-15,2025-01-25 00:15,2025-01-25 02:10,False,True,00:15-02:10,FlyArystan,115
15331,Астана,Алматы,2024-12-15,2025-01-25 09:05,2025-01-25 11:00,False,True,09:05-11:00,FlyArystan,115
15331,Астана,Алматы,2024-12-15,2025-01-25 00:55,2025-01-25 02:55,False,True,00:55-02:55,FlyArystan,115
15743,Астана,Алматы,2024-12-15,2025-01-25 19:10,2025-01-25 20:35,False,True,19:10-20:35,SCAT,85
15743,Астана,Алматы,2024-12-15,2025-01-25 10:50,2025-01-25 12:30,False,True,10:50-12:30,SCAT,100
15743,Астана,Алматы,2024-12-15,2025-01-25 05:30,2025-01-25 07:15,False,True,05:30-07:15,SCAT,105
12243,Астана,Алматы,2024-12-15,2025-01-26 05:30,2025-01-26 07:15,False,True,05:30-07:15,SCAT,105
28578,Астана,Алматы,2024-12-15,2025-01-26 09:55,2025-01-26 11:40,False,True,09:55-11:40,Air Astana,105
15331,Астана,Алматы,2024-12-15,2025-01-26 22:45,2025-01-27 00:45,False,True,22:45-00:45,FlyArystan,105
15331,Астана,Алматы,2024-12-15,2025-01-26 06:00,2025-01-26 07:55,False,True,06:00-07:55,FlyArystan,115
15331,Астана,Алматы,2024-12-15,2025-01-26 09:05,2025-01-26 11:00,False,True,09:05-11:00,FlyArystan,115
15331,Астана,Алматы,2024-12-15,2025-01-26 10:40,2025-01-26 12:45,False,True,10:40-12:45,FlyArystan,125
15657,Астана,Алматы,2024-12-15,2025-01-26 12:05,2025-01-26 13:45,False,True,12:05-13:45,SCAT,100
15657,Астана,Алматы,2024-12-15,2025-01-26 10:50,2025-01-26 12:30,False,True,10:50-12:30,SCAT,100
18511,Астана,Алматы,2024-12-15,2025-01-26 12:25,2025-01-26 14:15,False,True,12:25-14:15,FlyArystan,110
12243,Астана,Алматы,2024-12-15,2025-01-27 12:05,2025-01-27 13:45,False,False,12:05-13:45,SCAT,100
12243,Астана,Алматы,2024-12-15,2025-01-27 10:50,2025-01-27 12:30,False,False,10:50-12:30,SCAT,100
12243,Астана,Алматы,2024-12-15,2025-01-27 22:10,2025-01-28 00:05,False,False,22:10-00:05,SCAT,115
12243,Астана,Алматы,2024-12-15,2025-01-27 14:55,2025-01-27 16:25,False,False,14:55-16:25,SCAT,90
12243,Астана,Алматы,2024-12-15,2025-01-27 05:30,2025-01-27 07:15,False,False,05:30-07:15,SCAT,105
12243,Астана,Алматы,2024-12-15,2025-01-27 19:10,2025-01-27 20:35,False,False,19:10-20:35,SCAT,85
13211,Астана,Алматы,2024-12-15,2025-01-27 19:05,2025-01-27 20:50,False,False,19:05-20:50,FlyArystan,105
13211,Астана,Алматы,2024-12-15,2025-01-27 09:05,2025-01-27 11:00,False,False,09:05-11:00,FlyArystan,115
13211,Астана,Алматы,2024-12-15,2025-01-27 00:45,2025-01-27 02:45,False,False,00:45-02:45,FlyArystan,115
15331,Астана,Алматы,2024-12-15,2025-01-27 12:25,2025-01-27 14:15,False,False,12:25-14:15,FlyArystan,110
12243,Астана,Алматы,2024-12-15,2025-01-28 19:10,2025-01-28 20:35,False,False,19:10-20:35,SCAT,85
11885,Астана,Алматы,2024-12-15,2025-01-28 12:25,2025-01-28 14:15,False,False,12:25-14:15,FlyArystan,110
12243,Астана,Алматы,2024-12-15,2025-01-28 22:10,2025-01-29 00:05,False,False,22:10-00:05,SCAT,115
11885,Астана,Алматы,2024-12-15,2025-01-28 06:00,2025-01-28 07:55,False,False,06:00-07:55,FlyArystan,115
11885,Астана,Алматы,2024-12-15,2025-01-28 09:05,2025-01-28 11:00,False,False,09:05-11:00,FlyArystan,115
11885,Астана,Алматы,2024-12-15,2025-01-28 00:15,2025-01-28 02:00,False,False,00:15-02:00,FlyArystan,105
12243,Астана,Алматы,2024-12-15,2025-01-28 05:30,2025-01-28 07:15,False,False,05:30-07:15,SCAT,105
13577,Астана,Алматы,2024-12-15,2025-01-28 19:05,2025-01-28 20:50,False,False,19:05-20:50,FlyArystan,105
9743,Астана,Алматы,2024-12-15,2025-01-29 05:30,2025-01-29 07:15,False,False,05:30-07:15,SCAT,105
28578,Астана,Алматы,2024-12-15,2025-01-29 07:10,2025-01-29 09:00,False,False,07:10-09:00,Air Astana,110
28578,Астана,Алматы,2024-12-15,2025-01-29 19:25,2025-01-29 21:15,False,False,19:25-21:15,Air Astana,110
11091,Астана,Алматы,2024-12-15,2025-01-29 06:00,2025-01-29 07:55,False,False,06:00-07:55,FlyArystan,115
11091,Астана,Алматы,2024-12-15,2025-01-29 00:15,2025-01-29 02:00,False,False,00:15-02:00,FlyArystan,105
11091,Астана,Алматы,2024-12-15,2025-01-29 12:25,2025-01-29 14:15,False,False,12:25-14:15,FlyArystan,110
11091,Астана,Алматы,2024-12-15,2025-01-29 09:05,2025-01-29 11:00,False,False,09:05-11:00,FlyArystan,115
12243,Астана,Алматы,2024-12-15,2025-01-29 10:50,2025-01-29 12:30,False,False,10:50-12:30,SCAT,100
12243,Астана,Алматы,2024-12-15,2025-01-29 14:55,2025-01-29 16:25,False,False,14:55-16:25,SCAT,90
11091,Астана,Алматы,2024-12-15,2025-01-30 00:15,2025-01-30 02:00,False,False,00:15-02:00,FlyArystan,105
12243,Астана,Алматы,2024-12-15,2025-01-30 10:50,2025-01-30 12:30,False,False,10:50-12:30,SCAT,100
12243,Астана,Алматы,2024-12-15,2025-01-30 22:10,2025-01-31 00:05,False,False,22:10-00:05,SCAT,115
12243,Астана,Алматы,2024-12-15,2025-01-30 05:30,2025-01-30 07:15,False,False,05:30-07:15,SCAT,105
12243,Астана,Алматы,2024-12-15,2025-01-30 14:55,2025-01-30 16:25,False,False,14:55-16:25,SCAT,90
13211,Астана,Алматы,2024-12-15,2025-01-30 09:05,2025-01-30 11:00,False,False,09:05-11:00,FlyArystan,115
13211,Астана,Алматы,2024-12-15,2025-01-30 12:25,2025-01-30 14:15,False,False,12:25-14:15,FlyArystan,110
13211,Астана,Алматы,2024-12-15,2025-01-30 06:10,2025-01-30 08:05,False,False,06:10-08:05,FlyArystan,115
15331,Астана,Алматы,2024-12-15,2025-01-30 19:05,2025-01-30 20:50,False,False,19:05-20:50,FlyArystan,105
15331,Астана,Алматы,2024-12-15,2025-01-31 12:25,2025-01-31 14:15,False,False,12:25-14:15,FlyArystan,110
15331,Астана,Алматы,2024-12-15,2025-01-31 09:05,2025-01-31 11:00,False,False,09:05-11:00,FlyArystan,115
15743,Астана,Алматы,2024-12-15,2025-01-31 22:10,2025-02-01 00:05,False,False,22:10-00:05,SCAT,115
15331,Астана,Алматы,2024-12-15,2025-01-31 06:00,2025-01-31 07:55,False,False,06:00-07:55,FlyArystan,115
15331,Астана,Алматы,2024-12-15,2025-01-31 00:15,2025-01-31 02:00,False,False,00:15-02:00,FlyArystan,105
15743,Астана,Алматы,2024-12-15,2025-01-31 14:55,2025-01-31 16:25,False,False,14:55-16:25,SCAT,90
15743,Астана,Алматы,2024-12-15,2025-01-31 10:50,2025-01-31 12:30,False,False,10:50-12:30,SCAT,100
15743,Астана,Алматы,2024-12-15,2025-01-31 12:05,2025-01-31 13:45,False,False,12:05-13:45,SCAT,100
15743,Астана,Алматы,2024-12-15,2025-01-31 05:30,2025-01-31 07:15,False,False,05:30-07:15,SCAT,105
12243,Астана,Алматы,2024-12-15,2025-02-01 22:10,2025-02-02 00:05,False,True,22:10-00:05,SCAT,115
32578,Астана,Алматы,2024-12-15,2025-02-01 09:55,2025-02-01 11:40,False,True,09:55-11:40,Air Astana,105
13211,Астана,Алматы,2024-12-15,2025-02-01 00:15,2025-02-01 02:10,False,True,00:15-02:10,FlyArystan,115
15331,Астана,Алматы,2024-12-15,2025-02-01 21:55,2025-02-01 23:40,False,True,21:55-23:40,FlyArystan,105
15331,Астана,Алматы,2024-12-15,2025-02-01 06:00,2025-02-01 07:55,False,True,06:00-07:55,FlyArystan,115
15331,Астана,Алматы,2024-12-15,2025-02-01 00:55,2025-02-01 02:55,False,True,00:55-02:55,FlyArystan,115
15331,Астана,Алматы,2024-12-15,2025-02-01 12:25,2025-02-01 14:15,False,True,12:25-14:15,FlyArystan,110
15331,Астана,Алматы,2024-12-15,2025-02-01 09:05,2025-02-01 11:00,False,True,09:05-11:00,FlyArystan,115
15743,Астана,Алматы,2024-12-15,2025-02-01 10:50,2025-02-01 12:30,False,True,10:50-12:30,SCAT,100
15743,Астана,Алматы,2024-12-15,2025-02-01 19:10,2025-02-01 20:35,False,True,19:10-20:35,SCAT,85
15743,Астана,Алматы,2024-12-15,2025-02-02 10:50,2025-02-02 12:30,False,True,10:50-12:30,SCAT,100
15743,Астана,Алматы,2024-12-15,2025-02-02 22:10,2025-02-03 00:05,False,True,22:10-00:05,SCAT,115
15743,Астана,Алматы,2024-12-15,2025-02-02 12:05,2025-02-02 13:45,False,True,12:05-13:45,SCAT,100
15743,Астана,Алматы,2024-12-15,2025-02-02 05:30,2025-02-02 07:15,False,True,05:30-07:15,SCAT,105
15331,Астана,Алматы,2024-12-15,2025-02-02 09:05,2025-02-02 11:00,False,True,09:05-11:00,FlyArystan,115
15331,Астана,Алматы,2024-12-15,2025-02-02 10:40,2025-02-02 12:45,False,True,10:40-12:45,FlyArystan,125
15331,Астана,Алматы,2024-12-15,2025-02-02 06:00,2025-02-02 07:55,False,True,06:00-07:55,FlyArystan,115
15743,Астана,Алматы,2024-12-15,2025-02-02 14:55,2025-02-02 16:25,False,True,14:55-16:25,SCAT,90
18511,Астана,Алматы,2024-12-15,2025-02-02 12:25,2025-02-02 14:15,False,True,12:25-14:15,FlyArystan,110
12243,Астана,Алматы,2024-12-15,2025-02-03 19:10,2025-02-03 20:35,False,False,19:10-20:35,SCAT,85
12243,Астана,Алматы,2024-12-15,2025-02-03 10:50,2025-02-03 12:30,False,False,10:50-12:30,SCAT,100
12243,Астана,Алматы,2024-12-15,2025-02-03 22:10,2025-02-04 00:05,False,False,22:10-00:05,SCAT,115
12243,Астана,Алматы,2024-12-15,2025-02-03 05:30,2025-02-03 07:15,False,False,05:30-07:15,SCAT,105
12243,Астана,Алматы,2024-12-15,2025-02-03 12:05,2025-02-03 13:45,False,False,12:05-13:45,SCAT,100
12243,Астана,Алматы,2024-12-15,2025-02-03 14:55,2025-02-03 16:25,False,False,14:55-16:25,SCAT,90
13211,Астана,Алматы,2024-12-15,2025-02-03 06:00,2025-02-03 07:55,False,False,06:00-07:55,FlyArystan,115
13211,Астана,Алматы,2024-12-15,2025-02-03 09:05,2025-02-03 11:00,False,False,09:05-11:00,FlyArystan,115
13211,Астана,Алматы,2024-12-15,2025-02-03 19:05,2025-02-03 20:50,False,False,19:05-20:50,FlyArystan,105
13211,Астана,Алматы,2024-12-15,2025-02-03 12:25,2025-02-03 14:15,False,False,12:25-14:15,FlyArystan,110
9743,Астана,Алматы,2024-12-15,2025-02-04 22:10,2025-02-05 00:05,False,False,22:10-00:05,SCAT,115
12243,Астана,Алматы,2024-12-15,2025-02-04 10:50,2025-02-04 12:30,False,False,10:50-12:30,SCAT,100
10031,Астана,Алматы,2024-12-15,2025-02-04 00:15,2025-02-04 02:00,False,False,00:15-02:00,FlyArystan,105
11091,Астана,Алматы,2024-12-15,2025-02-04 06:00,2025-02-04 07:55,False,False,06:00-07:55,FlyArystan,115
11091,Астана,Алматы,2024-12-15,2025-02-04 12:25,2025-02-04 14:15,False,False,12:25-14:15,FlyArystan,110
11091,Астана,Алматы,2024-12-15,2025-02-04 09:05,2025-02-04 11:00,False,False,09:05-11:00,FlyArystan,115
11091,Астана,Алматы,2024-12-15,2025-02-04 19:05,2025-02-04 20:50,False,False,19:05-20:50,FlyArystan,105
12243,Астана,Алматы,2024-12-15,2025-02-04 19:10,2025-02-04 20:35,False,False,19:10-20:35,SCAT,85
12243,Астана,Алматы,2024-12-15,2025-02-04 05:30,2025-02-04 07:15,False,False,05:30-07:15,SCAT,105
9520,Астана,Алматы,2024-12-15,2025-02-05 05:30,2025-02-05 07:15,False,False,05:30-07:15,SCAT,105
28578,Астана,Алматы,2024-12-15,2025-02-05 07:10,2025-02-05 09:00,False,False,07:10-09:00,Air Astana,110
12243,Астана,Алматы,2024-12-15,2025-02-05 22:10,2025-02-06 00:05,False,False,22:10-00:05,SCAT,115
10031,Астана,Алматы,2024-12-15,2025-02-05 19:05,2025-02-05 20:50,False,False,19:05-20:50,FlyArystan,105
10031,Астана,Алматы,2024-12-15,2025-02-05 00:15,2025-02-05 02:00,False,False,00:15-02:00,FlyArystan,105
10031,Астана,Алматы,2024-12-15,2025-02-05 06:00,2025-02-05 07:55,False,False,06:00-07:55,FlyArystan,115
11091,Астана,Алматы,2024-12-15,2025-02-05 12:25,2025-02-05 14:15,False,False,12:25-14:15,FlyArystan,110
11091,Астана,Алматы,2024-12-15,2025-02-05 09:05,2025-02-05 11:00,False,False,09:05-11:00,FlyArystan,115
12243,Астана,Алматы,2024-12-15,2025-02-05 14:55,2025-02-05 16:25,False,False,14:55-16:25,SCAT,90
12440,Астана,Алматы,2024-12-15,2025-02-06 14:55,2025-02-06 16:25,False,False,14:55-16:25,SCAT,90
11091,Астана,Алматы,2024-12-15,2025-02-06 00:15,2025-02-06 02:00,False,False,00:15-02:00,FlyArystan,105
12243,Астана,Алматы,2024-12-15,2025-02-06 10:50,2025-02-06 12:30,False,False,10:50-12:30,SCAT,100
12243,Астана,Алматы,2024-12-15,2025-02-06 22:10,2025-02-07 00:05,False,False,22:10-00:05,SCAT,115
11091,Астана,Алматы,2024-12-15,2025-02-06 06:10,2025-02-06 08:05,False,False,06:10-08:05,FlyArystan,115
12243,Астана,Алматы,2024-12-15,2025-02-06 05:30,2025-02-06 07:15,False,False,05:30-07:15,SCAT,105
13211,Астана,Алматы,2024-12-15,2025-02-06 12:25,2025-02-06 14:15,False,False,12:25-14:15,FlyArystan,110
13211,Астана,Алматы,2024-12-15,2025-02-06 09:05,2025-02-06 11:00,False,False,09:05-11:00,FlyArystan,115
15331,Астана,Алматы,2024-12-15,2025-02-06 19:05,2025-02-06 20:50,False,False,19:05-20:50,FlyArystan,105
12243,Астана,Алматы,2024-12-15,2025-02-07 05:30,2025-02-07 07:15,False,False,05:30-07:15,SCAT,105
13577,Астана,Алматы,2024-12-15,2025-02-07 09:05,2025-02-07 11:00,False,False,09:05-11:00,FlyArystan,115
15743,Астана,Алматы,2024-12-15,2025-02-07 22:10,2025-02-08 00:05,False,False,22:10-00:05,SCAT,115
13577,Астана,Алматы,2024-12-15,2025-02-07 00:15,2025-02-07 02:00,False,False,00:15-02:00,FlyArystan,105
13577,Астана,Алматы,2024-12-15,2025-02-07 06:00,2025-02-07 07:55,False,False,06:00-07:55,FlyArystan,115
15743,Астана,Алматы,2024-12-15,2025-02-07 12:05,2025-02-07 13:45,False,False,12:05-13:45,SCAT,100
15743,Астана,Алматы,2024-12-15,2025-02-07 10:50,2025-02-07 12:30,False,False,10:50-12:30,SCAT,100
15830,Астана,Алматы,2024-12-15,2025-02-07 12:25,2025-02-07 14:15,False,False,12:25-14:15,FlyArystan,110
19243,Астана,Алматы,2024-12-15,2025-02-07 19:10,2025-02-07 20:35,False,False,19:10-20:35,SCAT,85
12243,Астана,Алматы,2024-12-15,2025-02-08 05:30,2025-02-08 07:15,False,True,05:30-07:15,SCAT,105
32578,Астана,Алматы,2024-12-15,2025-02-08 09:55,2025-02-08 11:40,False,True,09:55-11:40,Air Astana,105
12243,Астана,Алматы,2024-12-15,2025-02-08 22:10,2025-02-09 00:05,False,True,22:10-00:05,SCAT,115
13211,Астана,Алматы,2024-12-15,2025-02-08 00:55,2025-02-08 02:55,False,True,00:55-02:55,FlyArystan,115
13211,Астана,Алматы,2024-12-15,2025-02-08 06:00,2025-02-08 07:55,False,True,06:00-07:55,FlyArystan,115
13211,Астана,Алматы,2024-12-15,2025-02-08 21:55,2025-02-08 23:40,False,True,21:55-23:40,FlyArystan,105
15331,Астана,Алматы,2024-12-15,2025-02-08 09:05,2025-02-08 11:00,False,True,09:05-11:00,FlyArystan,115
15331,Астана,Алматы,2024-12-15,2025-02-08 12:25,2025-02-08 14:15,False,True,12:25-14:15,FlyArystan,110
15657,Астана,Алматы,2024-12-15,2025-02-08 10:50,2025-02-08 12:30,False,True,10:50-12:30,SCAT,100
15657,Астана,Алматы,2024-12-15,2025-02-08 19:10,2025-02-08 20:35,False,True,19:10-20:35,SCAT,85
12440,Астана,Алматы,2024-12-15,2025-02-09 22:10,2025-02-10 00:05,False,True,22:10-00:05,SCAT,115
29528,Астана,Алматы,2024-12-15,2025-02-09 09:55,2025-02-09 11:40,False,True,09:55-11:40,Air Astana,105
12440,Астана,Алматы,2024-12-15,2025-02-09 05:30,2025-02-09 07:15,False,True,05:30-07:15,SCAT,105
16001,Астана,Алматы,2024-12-15,2025-02-09 19:10,2025-02-09 20:35,False,True,19:10-20:35,SCAT,85
16001,Астана,Алматы,2024-12-15,2025-02-09 10:50,2025-02-09 12:30,False,True,10:50-12:30,SCAT,100
16001,Астана,Алматы,2024-12-15,2025-02-09 14:55,2025-02-09 16:25,False,True,14:55-16:25,SCAT,90
16001,Астана,Алматы,2024-12-15,2025-02-09 12:05,2025-02-09 13:45,False,True,12:05-13:45,SCAT,100
13577,Астана,Алматы,2024-12-15,2025-02-09 06:00,2025-02-09 07:55,False,True,06:00-07:55,FlyArystan,115
13577,Астана,Алматы,2024-12-15,2025-02-09 10:40,2025-02-09 12:45,False,True,10:40-12:45,FlyArystan,125
13577,Астана,Алматы,2024-12-15,2025-02-09 09:05,2025-02-09 11:00,False,True,09:05-11:00,FlyArystan,115
9520,Астана,Алматы,2024-12-15,2025-02-10 22:10,2025-02-11 00:05,False,False,22:10-00:05,SCAT,115
28578,Астана,Алматы,2024-12-15,2025-02-10 08:45,2025-02-10 10:30,False,False,08:45-10:30,Air Astana,105
11091,Астана,Алматы,2024-12-15,2025-02-10 00:45,2025-02-10 02:45,False,False,00:45-02:45,FlyArystan,105
12243,Астана,Алматы,2024-12-15,2025-02-10 12:05,2025-02-10 13:45,False,False,12:05-13:45,SCAT,100
12243,Астана,Алматы,2024-12-15,2025-02-10 14:55,2025-02-10 16:25,False,False,14:55-16:25,SCAT,90
12243,Астана,Алматы,2024-12-15,2025-02-10 10:50,2025-02-10 12:30,False,False,10:50-12:30,SCAT,100
12243,Астана,Алматы,2024-12-15,2025-02-10 19:10,2025-02-10 20:35,False,False,19:10-20:35,SCAT,85
12243,Астана,Алматы,2024-12-15,2025-02-10 05:30,2025-02-10 07:15,False,False,05:30-07:15,SCAT,105
13211,Астана,Алматы,2024-12-15,2025-02-10 06:00,2025-02-10 07:55,False,False,06:00-07:55,FlyArystan,115
13211,Астана,Алматы,2024-12-15,2025-02-10 09:05,2025-02-10 11:00,False,False,09:05-11:00,FlyArystan,115
9520,Астана,Алматы,2024-12-15,2025-02-11 22:10,2025-02-12 00:05,False,False,22:10-00:05,SCAT,115
28972,Астана,Алматы,2024-12-15,2025-02-11 07:10,2025-02-11 09:00,False,False,07:10-09:00,Air Astana,110
9520,Астана,Алматы,2024-12-15,2025-02-11 05:30,2025-02-11 07:15,False,False,05:30-07:15,SCAT,105
11005,Астана,Алматы,2024-12-15,2025-02-11 12:25,2025-02-11 14:15,False,False,12:25-14:15,FlyArystan,110
11005,Астана,Алматы,2024-12-15,2025-02-11 19:05,2025-02-11 20:50,False,False,19:05-20:50,FlyArystan,105
11005,Астана,Алматы,2024-12-15,2025-02-11 00:15,2025-02-11 02:00,False,False,00:15-02:00,FlyArystan,105
11005,Астана,Алматы,2024-12-15,2025-02-11 06:00,2025-02-11 07:55,False,False,06:00-07:55,FlyArystan,115
12163,Астана,Алматы,2024-12-15,2025-02-11 09:05,2025-02-11 11:00,False,False,09:05-11:00,FlyArystan,115
12243,Астана,Алматы,2024-12-15,2025-02-11 19:10,2025-02-11 20:35,False,False,19:10-20:35,SCAT,85
9930,Астана,Алматы,2024-12-15,2025-02-11 10:50,2025-02-11 12:30,False,False,10:50-12:30,SCAT,100
9520,Астана,Алматы,2024-12-15,2025-02-12 05:30,2025-02-12 07:15,False,False,05:30-07:15,SCAT,105
28972,Астана,Алматы,2024-12-15,2025-02-12 07:10,2025-02-12 09:00,False,False,07:10-09:00,Air Astana,110
28972,Астана,Алматы,2024-12-15,2025-02-12 19:25,2025-02-12 21:15,False,False,19:25-21:15,Air Astana,110
10758,Астана,Алматы,2024-12-15,2025-02-12 06:00,2025-02-12 07:55,False,False,06:00-07:55,FlyArystan,115
10758,Астана,Алматы,2024-12-15,2025-02-12 00:15,2025-02-12 02:00,False,False,00:15-02:00,FlyArystan,105
11885,Астана,Алматы,2024-12-15,2025-02-12 12:25,2025-02-12 14:15,False,False,12:25-14:15,FlyArystan,110
11885,Астана,Алматы,2024-12-15,2025-02-12 19:05,2025-02-12 20:50,False,False,19:05-20:50,FlyArystan,105
11885,Астана,Алматы,2024-12-15,2025-02-12 09:05,2025-02-12 11:00,False,False,09:05-11:00,FlyArystan,115
12243,Астана,Алматы,2024-12-15,2025-02-12 14:55,2025-02-12 16:25,False,False,14:55-16:25,SCAT,90
11885,Астана,Алматы,2024-12-15,2025-02-13 00:15,2025-02-13 02:00,False,False,00:15-02:00,FlyArystan,105
12440,Астана,Алматы,2024-12-15,2025-02-13 10:50,2025-02-13 12:30,False,False,10:50-12:30,SCAT,100
12440,Астана,Алматы,2024-12-15,2025-02-13 22:10,2025-02-14 00:05,False,False,22:10-00:05,SCAT,115
11885,Астана,Алматы,2024-12-15,2025-02-13 06:10,2025-02-13 08:05,False,False,06:10-08:05,FlyArystan,115
12440,Астана,Алматы,2024-12-15,2025-02-13 14:55,2025-02-13 16:25,False,False,14:55-16:25,SCAT,90
12440,Астана,Алматы,2024-12-15,2025-02-13 05:30,2025-02-13 07:15,False,False,05:30-07:15,SCAT,105
13577,Астана,Алматы,2024-12-15,2025-02-13 19:05,2025-02-13 20:50,False,False,19:05-20:50,FlyArystan,105
13577,Астана,Алматы,2024-12-15,2025-02-13 09:05,2025-02-13 11:00,False,False,09:05-11:00,FlyArystan,115
13577,Астана,Алматы,2024-12-15,2025-02-13 12:25,2025-02-13 14:15,False,False,12:25-14:15,FlyArystan,110
12243,Астана,Алматы,2024-12-15,2025-02-14 05:30,2025-02-14 07:15,False,False,05:30-07:15,SCAT,105
33124,Астана,Алматы,2024-12-15,2025-02-14 09:55,2025-02-14 11:40,False,False,09:55-11:40,Air Astana,105
15743,Астана,Алматы,2024-12-15,2025-02-14 22:10,2025-02-15 00:05,False,False,22:10-00:05,SCAT,115
13577,Астана,Алматы,2024-12-15,2025-02-14 00:15,2025-02-14 02:00,False,False,00:15-02:00,FlyArystan,105
13577,Астана,Алматы,2024-12-15,2025-02-14 06:00,2025-02-14 07:55,False,False,06:00-07:55,FlyArystan,115
15743,Астана,Алматы,2024-12-15,2025-02-14 12:05,2025-02-14 13:45,False,False,12:05-13:45,SCAT,100
15743,Астана,Алматы,2024-12-15,2025-02-14 10:50,2025-02-14 12:30,False,False,10:50-12:30,SCAT,100
15830,Астана,Алматы,2024-12-15,2025-02-14 12:25,2025-02-14 14:15,False,False,12:25-14:15,FlyArystan,110
15830,Астана,Алматы,2024-12-15,2025-02-14 09:05,2025-02-14 11:00,False,False,09:05-11:00,FlyArystan,115
12243,Астана,Алматы,2024-12-15,2025-02-15 22:10,2025-02-16 00:05,False,True,22:10-00:05,SCAT,115
15743,Астана,Алматы,2024-12-15,2025-02-15 10:50,2025-02-15 12:30,False,True,10:50-12:30,SCAT,100
13211,Астана,Алматы,2024-12-15,2025-02-15 00:55,2025-02-15 02:55,False,True,00:55-02:55,FlyArystan,100
13211,Астана,Алматы,2024-12-15,2025-02-15 21:55,2025-02-15 23:40,False,True,21:55-23:40,FlyArystan,105
15331,Астана,Алматы,2024-12-15,2025-02-15 09:05,2025-02-15 11:00,False,True,09:05-11:00,FlyArystan,115
15331,Астана,Алматы,2024-12-15,2025-02-15 12:25,2025-02-15 14:15,False,True,12:25-14:15,FlyArystan,110
15331,Астана,Алматы,2024-12-15,2025-02-15 06:00,2025-02-15 07:55,False,True,06:00-07:55,FlyArystan,115
15743,Астана,Алматы,2024-12-15,2025-02-15 12:05,2025-02-15 13:45,False,True,12:05-13:45,SCAT,100
15743,Астана,Алматы,2024-12-15,2025-02-15 19:10,2025-02-15 20:35,False,True,19:10-20:35,SCAT,85
15743,Астана,Алматы,2024-12-15,2025-02-15 05:30,2025-02-15 07:15,False,True,05:30-07:15,SCAT,105
12243,Астана,Алматы,2024-12-15,2025-02-16 22:10,2025-02-17 00:05,False,True,22:10-00:05,SCAT,115
28578,Астана,Алматы,2024-12-15,2025-02-16 09:55,2025-02-16 11:40,False,True,09:55-11:40,Air Astana,105
12243,Астана,Алматы,2024-12-15,2025-02-16 05:30,2025-02-16 07:15,False,True,05:30-07:15,SCAT,105
13211,Астана,Алматы,2024-12-15,2025-02-16 06:00,2025-02-16 07:55,False,True,06:00-07:55,FlyArystan,115
13211,Астана,Алматы,2024-12-15,2025-02-16 09:05,2025-02-16 11:00,False,True,09:05-11:00,FlyArystan,115
15743,Астана,Алматы,2024-12-15,2025-02-16 12:05,2025-02-16 13:45,False,True,12:05-13:45,SCAT,100
15743,Астана,Алматы,2024-12-15,2025-02-16 10:50,2025-02-16 12:30,False,True,10:50-12:30,SCAT,100
15743,Астана,Алматы,2024-12-15,2025-02-16 19:10,2025-02-16 20:35,False,True,19:10-20:35,SCAT,85
15331,Астана,Алматы,2024-12-15,2025-02-16 12:25,2025-02-16 14:15,False,True,12:25-14:15,FlyArystan,110
15331,Астана,Алматы,2024-12-15,2025-02-16 10:40,2025-02-16 12:45,False,True,10:40-12:45,FlyArystan,125
9743,Астана,Алматы,2024-12-15,2025-02-17 05:30,2025-02-17 07:15,False,False,05:30-07:15,SCAT,105
28578,Астана,Алматы,2024-12-15,2025-02-17 08:45,2025-02-17 10:30,False,False,08:45-10:30,Air Astana,105
9743,Астана,Алматы,2024-12-15,2025-02-17 22:10,2025-02-18 00:05,False,False,22:10-00:05,SCAT,115
10031,Астана,Алматы,2024-12-15,2025-02-17 00:45,2025-02-17 02:45,False,False,00:45-02:45,FlyArystan,115
10031,Астана,Алматы,2024-12-15,2025-02-17 06:00,2025-02-17 07:55,False,False,06:00-07:55,FlyArystan,115
11091,Астана,Алматы,2024-12-15,2025-02-17 12:25,2025-02-17 14:15,False,False,12:25-14:15,FlyArystan,110
11091,Астана,Алматы,2024-12-15,2025-02-17 09:05,2025-02-17 11:00,False,False,09:05-11:00,FlyArystan,115
12243,Астана,Алматы,2024-12-15,2025-02-17 14:55,2025-02-17 16:25,False,False,14:55-16:25,SCAT,90
12243,Астана,Алматы,2024-12-15,2025-02-17 19:10,2025-02-17 20:35,False,False,19:10-20:35,SCAT,85
12243,Астана,Алматы,2024-12-15,2025-02-17 10:50,2025-02-17 12:30,False,False,10:50-12:30,SCAT,100
9520,Астана,Алматы,2024-12-15,2025-02-18 10:50,2025-02-18 12:30,False,False,10:50-12:30,SCAT,100
9520,Астана,Алматы,2024-12-15,2025-02-18 22:10,2025-02-19 00:05,False,False,22:10-00:05,SCAT,115
9520,Астана,Алматы,2024-12-15,2025-02-18 05:30,2025-02-18 07:15,False,False,05:30-07:15,SCAT,105
10031,Астана,Алматы,2024-12-15,2025-02-18 19:05,2025-02-18 20:50,False,False,19:05-20:50,FlyArystan,105
10031,Астана,Алматы,2024-12-15,2025-02-18 06:00,2025-02-18 07:55,False,False,06:00-07:55,FlyArystan,115
10031,Астана,Алматы,2024-12-15,2025-02-18 00:15,2025-02-18 02:00,False,False,00:15-02:00,FlyArystan,105
10031,Астана,Алматы,2024-12-15,2025-02-18 09:05,2025-02-18 11:00,False,False,09:05-11:00,FlyArystan,115
10031,Астана,Алматы,2024-12-15,2025-02-18 12:25,2025-02-18 14:15,False,False,12:25-14:15,FlyArystan,110
12243,Астана,Алматы,2024-12-15,2025-02-18 19:10,2025-02-18 20:35,False,False,19:10-20:35,SCAT,85
9520,Астана,Алматы,2024-12-15,2025-02-19 05:30,2025-02-19 07:15,False,False,05:30-07:15,SCAT,105
10031,Астана,Алматы,2024-12-15,2025-02-19 09:05,2025-02-19 11:00,False,False,09:05-11:00,FlyArystan,115
28578,Астана,Алматы,2024-12-15,2025-02-19 19:25,2025-02-19 21:15,False,False,19:25-21:15,Air Astana,110
9743,Астана,Алматы,2024-12-15,2025-02-19 14:55,2025-02-19 16:25,False,False,14:55-16:25,SCAT,90
10031,Астана,Алматы,2024-12-15,2025-02-19 19:05,2025-02-19 20:50,False,False,19:05-20:50,FlyArystan,105
10031,Астана,Алматы,2024-12-15,2025-02-19 12:25,2025-02-19 14:15,False,False,12:25-14:15,FlyArystan,110
10031,Астана,Алматы,2024-12-15,2025-02-19 06:00,2025-02-19 07:55,False,False,06:00-07:55,FlyArystan,115
10031,Астана,Алматы,2024-12-15,2025-02-19 00:15,2025-02-19 02:00,False,False,00:15-02:00,FlyArystan,105
12243,Астана,Алматы,2024-12-15,2025-02-19 19:10,2025-02-19 20:35,False,False,19:10-20:35,SCAT,85
9520,Астана,Алматы,2024-12-15,2025-02-20 05:30,2025-02-20 07:15,False,False,05:30-07:15,SCAT,105
33124,Астана,Алматы,2024-12-15,2025-02-20 07:10,2025-02-20 09:00,False,False,07:10-09:00,Air Astana,110
28578,Астана,Алматы,2024-12-15,2025-02-20 19:25,2025-02-20 21:15,False,False,19:25-21:15,Air Astana,110
10031,Астана,Алматы,2024-12-15,2025-02-20 00:15,2025-02-20 02:00,False,False,00:15-02:00,FlyArystan,105
10031,Астана,Алматы,2024-12-15,2025-02-20 06:10,2025-02-20 08:05,False,False,06:10-08:05,FlyArystan,115
11091,Астана,Алматы,2024-12-15,2025-02-20 12:25,2025-02-20 14:15,False,False,12:25-14:15,FlyArystan,110
11091,Астана,Алматы,2024-12-15,2025-02-20 09:05,2025-02-20 11:00,False,False,09:05-11:00,FlyArystan,115
12243,Астана,Алматы,2024-12-15,2025-02-20 22:10,2025-02-21 00:05,False,False,22:10-00:05,SCAT,115
12243,Астана,Алматы,2024-12-15,2025-02-20 19:10,2025-02-20 20:35,False,False,19:10-20:35,SCAT,85
16001,Астана,Алматы,2024-12-15,2025-02-21 12:05,2025-02-21 13:45,False,False,12:05-13:45,SCAT,100
13577,Астана,Алматы,2024-12-15,2025-02-21 06:00,2025-02-21 07:55,False,False,06:00-07:55,FlyArystan,115
16001,Астана,Алматы,2024-12-15,2025-02-21 10:50,2025-02-21 12:30,False,False,10:50-12:30,SCAT,100
16001,Астана,Алматы,2024-12-15,2025-02-21 22:10,2025-02-22 00:05,False,False,22:10-00:05,SCAT,115
13577,Астана,Алматы,2024-12-15,2025-02-21 00:15,2025-02-21 02:00,False,False,00:15-02:00,FlyArystan,105
15830,Астана,Алматы,2024-12-15,2025-02-21 12:25,2025-02-21 14:15,False,False,12:25-14:15,FlyArystan,110
15830,Астана,Алматы,2024-12-15,2025-02-21 09:05,2025-02-21 11:00,False,False,09:05-11:00,FlyArystan,115
16001,Астана,Алматы,2024-12-15,2025-02-21 14:55,2025-02-21 16:25,False,False,14:55-16:25,SCAT,90
16001,Астана,Алматы,2024-12-15,2025-02-21 05:30,2025-02-21 07:15,False,False,05:30-07:15,SCAT,105
19290,Астана,Алматы,2024-12-15,2025-02-21 19:05,2025-02-21 20:50,False,False,19:05-20:50,FlyArystan,105
12243,Астана,Алматы,2024-12-15,2025-02-22 22:10,2025-02-23 00:05,False,True,22:10-00:05,SCAT,115
33124,Астана,Алматы,2024-12-15,2025-02-22 09:55,2025-02-22 11:40,False,True,09:55-11:40,Air Astana,105
12243,Астана,Алматы,2024-12-15,2025-02-22 05:30,2025-02-22 07:15,False,True,05:30-07:15,SCAT,105
13577,Астана,Алматы,2024-12-15,2025-02-22 06:00,2025-02-22 07:55,False,True,06:00-07:55,FlyArystan,115
13577,Астана,Алматы,2024-12-15,2025-02-22 00:55,2025-02-22 02:55,False,True,00:55-02:55,FlyArystan,115
13577,Астана,Алматы,2024-12-15,2025-02-22 21:55,2025-02-22 23:40,False,True,21:55-23:40,FlyArystan,105
13577,Астана,Алматы,2024-12-15,2025-02-22 12:25,2025-02-22 14:15,False,True,12:25-14:15,FlyArystan,110
15657,Астана,Алматы,2024-12-15,2025-02-22 12:05,2025-02-22 13:45,False,True,12:05-13:45,SCAT,100
15657,Астана,Алматы,2024-12-15,2025-02-22 19:10,2025-02-22 20:35,False,True,19:10-20:35,SCAT,85
15657,Астана,Алматы,2024-12-15,2025-02-22 10:50,2025-02-22 12:30,False,True,10:50-12:30,SCAT,100
11091,Астана,Алматы,2024-12-15,2025-02-23 06:00,2025-02-23 07:55,False,True,06:00-07:55,FlyArystan,115
13211,Астана,Алматы,2024-12-15,2025-02-23 09:05,2025-02-23 11:00,False,True,09:05-11:00,FlyArystan,115
12243,Астана,Алматы,2024-12-15,2025-02-23 22:10,2025-02-24 00:05,False,True,22:10-00:05,SCAT,115
12243,Астана,Алматы,2024-12-15,2025-02-23 05:30,2025-02-23 07:15,False,True,05:30-07:15,SCAT,105
13211,Астана,Алматы,2024-12-15,2025-02-23 12:25,2025-02-23 14:15,False,True,12:25-14:15,FlyArystan,110
13211,Астана,Алматы,2024-12-15,2025-02-23 10:40,2025-02-23 12:45,False,True,10:40-12:45,FlyArystan,125
15743,Астана,Алматы,2024-12-15,2025-02-23 12:05,2025-02-23 13:45,False,True,12:05-13:45,SCAT,100
15743,Астана,Алматы,2024-12-15,2025-02-23 19:10,2025-02-23 20:35,False,True,19:10-20:35,SCAT,85
15743,Астана,Алматы,2024-12-15,2025-02-23 14:55,2025-02-23 16:25,False,True,14:55-16:25,SCAT,90
15743,Астана,Алматы,2024-12-15,2025-02-23 10:50,2025-02-23 12:30,False,True,10:50-12:30,SCAT,100
9520,Астана,Алматы,2024-12-15,2025-02-24 05:30,2025-02-24 07:15,False,False,05:30-07:15,SCAT,105
9520,Астана,Алматы,2024-12-15,2025-02-24 10:50,2025-02-24 12:30,False,False,10:50-12:30,SCAT,100
9520,Астана,Алматы,2024-12-15,2025-02-24 22:10,2025-02-25 00:05,False,False,22:10-00:05,SCAT,115
9520,Астана,Алматы,2024-12-15,2025-02-24 14:55,2025-02-24 16:25,False,False,14:55-16:25,SCAT,90
10031,Астана,Алматы,2024-12-15,2025-02-24 09:05,2025-02-24 11:00,False,False,09:05-11:00,FlyArystan,115
10031,Астана,Алматы,2024-12-15,2025-02-24 00:45,2025-02-24 02:45,False,False,00:45-02:45,FlyArystan,115
10031,Астана,Алматы,2024-12-15,2025-02-24 06:00,2025-02-24 07:55,False,False,06:00-07:55,FlyArystan,115
11091,Астана,Алматы,2024-12-15,2025-02-24 12:25,2025-02-24 14:15,False,False,12:25-14:15,FlyArystan,110
11091,Астана,Алматы,2024-12-15,2025-02-24 19:05,2025-02-24 20:50,False,False,19:05-20:50,FlyArystan,105
9520,Астана,Алматы,2024-12-15,2025-02-25 22:10,2025-02-26 00:05,False,False,22:10-00:05,SCAT,115
9520,Астана,Алматы,2024-12-15,2025-02-25 10:50,2025-02-25 12:30,False,False,10:50-12:30,SCAT,100
9520,Астана,Алматы,2024-12-15,2025-02-25 19:10,2025-02-25 20:35,False,False,19:10-20:35,SCAT,85
9520,Астана,Алматы,2024-12-15,2025-02-25 05:30,2025-02-25 07:15,False,False,05:30-07:15,SCAT,105
10031,Астана,Алматы,2024-12-15,2025-02-25 09:05,2025-02-25 11:00,False,False,09:05-11:00,FlyArystan,115
10031,Астана,Алматы,2024-12-15,2025-02-25 00:15,2025-02-25 02:00,False,False,00:15-02:00,FlyArystan,105
10031,Астана,Алматы,2024-12-15,2025-02-25 12:25,2025-02-25 14:15,False,False,12:25-14:15,FlyArystan,110
10031,Астана,Алматы,2024-12-15,2025-02-25 19:05,2025-02-25 20:50,False,False,19:05-20:50,FlyArystan,105
10031,Астана,Алматы,2024-12-15,2025-02-25 06:00,2025-02-25 07:55,False,False,06:00-07:55,FlyArystan,115
9520,Астана,Алматы,2024-12-15,2025-02-26 12:05,2025-02-26 13:45,False,False,12:05-13:45,SCAT,100
10031,Астана,Алматы,2024-12-15,2025-02-26 09:05,2025-02-26 11:00,False,False,09:05-11:00,FlyArystan,115
12243,Астана,Алматы,2024-12-15,2025-02-26 22:10,2025-02-27 00:05,False,False,22:10-00:05,SCAT,115
9520,Астана,Алматы,2024-12-15,2025-02-26 05:30,2025-02-26 07:15,False,False,05:30-07:15,SCAT,105
9520,Астана,Алматы,2024-12-15,2025-02-26 14:55,2025-02-26 16:25,False,False,14:55-16:25,SCAT,90
10031,Астана,Алматы,2024-12-15,2025-02-26 12:25,2025-02-26 14:15,False,False,12:25-14:15,FlyArystan,110
10031,Астана,Алматы,2024-12-15,2025-02-26 19:05,2025-02-26 20:50,False,False,19:05-20:50,FlyArystan,105
10031,Астана,Алматы,2024-12-15,2025-02-26 00:15,2025-02-26 02:00,False,False,00:15-02:00,FlyArystan,105
10031,Астана,Алматы,2024-12-15,2025-02-26 06:00,2025-02-26 07:55,False,False,06:00-07:55,FlyArystan,115
12243,Астана,Алматы,2024-12-15,2025-02-26 19:10,2025-02-26 20:35,False,False,19:10-20:35,SCAT,85
9520,Астана,Алматы,2024-12-15,2025-02-27 05:30,2025-02-27 07:15,False,False,05:30-07:15,SCAT,105
24578,Астана,Алматы,2024-12-15,2025-02-27 10:45,2025-02-27 12:35,False,False,10:45-12:35,Air Astana,110
28578,Астана,Алматы,2024-12-15,2025-02-27 19:25,2025-02-27 21:15,False,False,19:25-21:15,Air Astana,110
10031,Астана,Алматы,2024-12-15,2025-02-27 00:15,2025-02-27 02:00,False,False,00:15-02:00,FlyArystan,105
10031,Астана,Алматы,2024-12-15,2025-02-27 06:10,2025-02-27 08:05,False,False,06:10-08:05,FlyArystan,115
10031,Астана,Алматы,2024-12-15,2025-02-27 12:25,2025-02-27 14:15,False,False,12:25-14:15,FlyArystan,110
11091,Астана,Алматы,2024-12-15,2025-02-27 09:05,2025-02-27 11:00,False,False,09:05-11:00,FlyArystan,115
12243,Астана,Алматы,2024-12-15,2025-02-27 10:50,2025-02-27 12:30,False,False,10:50-12:30,SCAT,100
12243,Астана,Алматы,2024-12-15,2025-02-27 22:10,2025-02-28 00:05,False,False,22:10-00:05,SCAT,115
11091,Астана,Алматы,2024-12-15,2025-02-28 06:00,2025-02-28 07:55,False,False,06:00-07:55,FlyArystan,115
13211,Астана,Алматы,2024-12-15,2025-02-28 09:05,2025-02-28 11:00,False,False,09:05-11:00,FlyArystan,115
15743,Астана,Алматы,2024-12-15,2025-02-28 22:10,2025-03-01 00:05,False,False,22:10-00:05,SCAT,115
11091,Астана,Алматы,2024-12-15,2025-02-28 00:15,2025-02-28 02:00,False,False,00:15-02:00,FlyArystan,105
12243,Астана,Алматы,2024-12-15,2025-02-28 05:30,2025-02-28 07:15,False,False,05:30-07:15,SCAT,105
13211,Астана,Алматы,2024-12-15,2025-02-28 12:25,2025-02-28 14:15,False,False,12:25-14:15,FlyArystan,110
15331,Астана,Алматы,2024-12-15,2025-02-28 19:05,2025-02-28 20:50,False,False,19:05-20:50,FlyArystan,105
15743,Астана,Алматы,2024-12-15,2025-02-28 14:55,2025-02-28 16:25,False,False,14:55-16:25,SCAT,90
15743,Астана,Алматы,2024-12-15,2025-02-28 19:10,2025-02-28 20:35,False,False,19:10-20:35,SCAT,85
